1.99e+09,0.0158407,-0.00397463,-3.50997e-08,9.62932e-07,-2.39017e-07,-3.14515e-12
330,2.46666e+07,-3.87984e+07,-5.11862e-08,50.0063,31.2605,-4.6089e-12
73.4,1.46998e+08,964024,-182.118,-0.1664,29.2408,-0.00548221
2750,1.87775e+08,5.11313e+07,-4.16277e-07,-6.87156,25.1999,-3.75535e-11
642,1.19327e+08,2.07387e+08,-1.23721e-08,-20.4282,11.7038,-1.11215e-12
486,1.90517e+08,-1.89482e+08,-1.48063e-08,15.6571,15.7428,-1.3186e-12
9.83333,1.47299e+08,1.10136e+06,-168745,8.69155,33.3449,-5.01825
9.83333,1.46914e+08,1.35511e+06,-61855.5,-2.60926,40.8716,-1.83801
9.83333,1.46761e+08,812261,-218992,-7.00829,24.8697,-6.1376
9.83333,1.46986e+08,1.11428e+06,-350876,-0.504922,33.7444,-10.2948
9.83333,1.46753e+08,716692,98876.8,-7.16971,22.1454,2.95067
9.83333,1.47174e+08,1.19665e+06,257381,5.25909,36.2469,7.5426
9.83333,1.47157e+08,1.23437e+06,-227603,4.73206,37.3478,-6.76863
9.83333,1.46778e+08,1.23861e+06,187209,-6.30133,37.314,5.38515
9.83333,1.47172e+08,790559,233687,4.95267,24.2165,6.95688
9.83333,1.46769e+08,730898,126446,-6.96613,22.3647,3.66907
9.83333,1.47265e+08,1.22178e+06,-153126,7.42826,36.9005,-4.57612
9.83333,1.47276e+08,976058,256867,8.03643,29.5523,7.47286
9.83333,1.46846e+08,688625,181090,-4.53443,21.2555,5.28417
9.83333,1.47206e+08,1.28601e+06,134946,6.01322,38.5769,4.12211
9.83333,1.47297e+08,776778,50086.4,8.87663,23.8458,1.52371
9.83333,1.46767e+08,720641,74943.8,-7.11964,21.9071,2.38829
9.83333,1.47154e+08,784465,244856,5.14782,23.9911,7.30904
9.83333,1.47101e+08,1.31864e+06,-112286,2.77513,39.8691,-3.14128
9.83333,1.46765e+08,1.24341e+06,163793,-6.98465,37.3897,4.77501
9.83333,1.46766e+08,1.18424e+06,-238924,-6.68001,35.5638,-7.06925
9.83333,1.4698e+08,1.15999e+06,-310321,-0.650521,35.0365,-9.17575
9.83333,1.46697e+08,810412,-150082,-8.97239,24.7617,-4.49887
9.83333,1.4701e+08,649372,32696.9,0.145331,19.9184,0.976999
9.83333,1.47174e+08,740538,170659,5.05651,22.7373,5.05192
9.83333,1.46813e+08,1.29856e+06,-138773,-5.52926,39.3686,-4.18698
9.83333,1.46743e+08,1.24453e+06,96634.1,-7.71471,37.6574,2.94501
9.83333,1.46701e+08,973987,229949,-8.82156,29.5067,6.88583
9.83333,1.47357e+08,1.06782e+06,3037.82,10.3834,32.2725,0.12298
9.83333,1.47047e+08,1.20576e+06,307442,1.06704,36.3893,9.10084
9.83333,1.47184e+08,1.25312e+06,203097,5.2618,37.7584,6.11836
9.83333,1.47304e+08,979825,229197,8.59833,29.5228,6.76514
9.83333,1.46693e+08,797142,57151.2,-9.19375,24.4248,1.76799
9.83333,1.46919e+08,1.15653e+06,-356304,-2.48001,34.8619,-10.397
9.83333,1.46798e+08,713079,65187.1,-6.20838,21.8728,2.03042
9.83333,1.47289e+08,940808,-270792,8.30203,28.5592,-7.9052
9.83333,1.47279e+08,912575,-200635,8.12292,27.722,-5.9275
9.83333,1.47243e+08,1.05289e+06,-262580,6.57424,31.6588,-7.96267
9.83333,1.47243e+08,1.05305e+06,-262490,6.6427,32.2685,-7.52041
9.83333,1.46943e+08,680345,156690,-1.88957,20.9274,4.69043
9.83333,1.47046e+08,1.20575e+06,306167,1.73687,36.2456,9.59735
9.83333,1.47169e+08,1.14695e+06,-278532,4.94261,34.7886,-8.19671
9.83333,1.46822e+08,1.23979e+06,225489,-5.53566,37.3653,6.79463
9.83333,1.46684e+08,936828,-138017,-9.39007,28.4422,-4.13374
9.83333,1.47225e+08,844348,273009,6.48832,25.8098,7.91019
9.83333,1.47205e+08,1.28734e+06,131754,5.89446,38.8357,3.62966
9.83333,1.47108e+08,791023,-265706,3.13224,24.1039,-7.65026
9.83333,1.46701e+08,815625,103626,-8.82232,24.9758,3.18566
9.83333,1.46736e+08,1.27312e+06,-79044.4,-7.70026,38.3025,-2.38773
9.83333,1.47304e+08,980244,228979,8.91573,29.8117,6.66499
9.83333,1.46699e+08,793453,125209,-8.8795,24.2932,3.63382
9.83333,1.46952e+08,757571,329323,-1.52298,23.1809,9.62662
9.83333,1.4672e+08,767738,-30477.3,-8.32265,23.4812,-0.881557
9.83333,1.47151e+08,1.20436e+06,-256438,4.52911,36.5057,-7.48736
9.83333,1.46818e+08,758053,208077,-5.82779,23.1956,6.16012
9.83333,1.47288e+08,1.18938e+06,52331.4,8.37037,35.9177,1.55002
9.83333,1.47342e+08,1.02616e+06,72958.2,9.96422,31.0619,2.2089
9.83333,1.46888e+08,1.09652e+06,378523,-3.32936,33.2786,11.0626
9.83333,1.47167e+08,1.21787e+06,251779,4.99006,36.49,7.34451
9.83333,1.47151e+08,778366,-309819,4.32872,23.8424,-9.05975
9.83333,1.4684e+08,682028,143667,-4.77887,20.9929,4.35126
9.83333,1.46765e+08,1.18653e+06,-238012,-6.95303,35.9684,-6.81923
9.83333,1.46818e+08,842803,-305454,-5.5398,25.7849,-8.88038
9.83333,1.47294e+08,783508,24452.8,8.78124,23.6998,0.861091
9.83333,1.4725e+08,1.22923e+06,-163253,7.14637,37.0289,-4.98552
9.83333,1.47124e+08,1.15269e+06,296090,3.56807,34.9739,8.70748
9.83333,1.46893e+08,669143,-190325,-3.28217,20.634,-5.57046
9.83333,1.47051e+08,789848,271198,1.42604,24.1345,8.02323
9.83333,1.47158e+08,1.22332e+06,251877,4.88941,36.6448,7.4715
9.83333,1.47068e+08,1.19457e+06,341208,1.80798,36.1355,9.84642
9.83333,1.47343e+08,1.02607e+06,72020.5,10.0678,31.152,1.89993
9.83333,1.46762e+08,813582,-220562,-7.09625,24.6688,-7.19004
9.83333,1.46902e+08,1.27492e+06,203968,-3.02494,38.4316,6.05812
9.83333,1.47243e+08,1.05275e+06,-261721,7.5714,32.0671,-7.27856
9.83333,1.47171e+08,790805,233244,4.9116,24.1418,6.74563
9.83333,1.46818e+08,911166,-296561,-5.56974,27.6171,-8.69409
9.83333,1.46774e+08,1.00952e+06,-270045,-6.89332,30.6325,-7.94981
9.83333,1.46681e+08,830980,-153566,-9.39419,25.2776,-4.52148
9.83333,1.47201e+08,1.02934e+06,330589,5.73266,31.1897,9.69162
9.83333,1.46901e+08,904611,337536,-3.05189,27.4675,9.92035
9.83333,1.46765e+08,1.24255e+06,162899,-6.78997,37.2272,5.78636
9.83333,1.47061e+08,1.02743e+06,-355657,1.69223,31.1617,-10.4496
9.83333,1.47201e+08,1.20031e+06,244761,5.364,36.1533,7.33204
9.83333,1.47125e+08,1.18611e+06,305253,3.58384,35.9338,8.84586
9.83333,1.46868e+08,857860,-348613,-4.00017,26.1509,-10.2353
9.83333,1.46767e+08,1.26605e+06,-126655,-6.66128,38.125,-3.83212
9.83333,1.4732e+08,910023,-118707,9.27734,27.7278,-3.3975
9.83333,1.46789e+08,764500,199159,-6.24332,23.3821,5.9065
9.83333,1.46871e+08,698714,179496,-3.88865,21.4518,5.40711
9.83333,1.47177e+08,1.19393e+06,257258,4.99753,36.2184,7.57227
9.83333,1.47318e+08,854908,3215.13,9.22808,25.9088,-0.0276264
9.83333,1.47129e+08,675531,46197.3,3.76525,20.7631,1.39416
9.83333,1.46787e+08,1.2234e+06,-207294,-6.42005,37.0027,-6.06386
9.83333,1.46969e+08,731160,-275044,-0.987769,22.3363,-7.97039
9.83333,1.46995e+08,684196,-161058,-0.189955,21.0219,-4.72987
9.83333,1.46744e+08,1.03307e+06,246151,-7.63779,31.2367,7.14049
9.83333,1.47315e+08,784123,57116.5,9.06215,23.9229,1.54468
9.83333,1.46798e+08,1.23576e+06,211636,-6.31643,37.2201,5.88455
9.83333,1.46831e+08,998974,324046,-5.1288,30.3158,9.47395
9.83333,1.47248e+08,799541,-189808,7.33606,24.4424,-5.58379
9.83333,1.47006e+08,677471,-257625,0.0558049,20.8933,-7.56794
9.83333,1.46791e+08,1.1528e+06,258812,-6.28645,34.915,7.58468
9.83333,1.47091e+08,713442,-159614,2.54536,21.8415,-4.73053
9.83333,1.47178e+08,852987,288580,5.15074,25.8547,8.37778
9.83333,1.47006e+08,761400,-305174,0.0731507,23.2852,-8.94054
9.83333,1.46752e+08,716599,98921.2,-7.27351,22.1596,3.17731
9.83333,1.46899e+08,1.15596e+06,314290,-3.02582,34.8865,9.31185
9.83333,1.46886e+08,860112,-358627,-3.57957,26.2137,-10.4751
9.83333,1.4676e+08,1.10255e+06,277308,-7.14532,33.3311,8.14179
9.83333,1.46892e+08,1.18743e+06,304852,-3.28019,35.8096,8.94524
9.83333,1.46882e+08,1.31732e+06,-163125,-3.65495,39.6294,-4.8433
9.83333,1.47303e+08,1.14638e+06,34408.6,8.80756,34.6629,1.02607
9.83333,1.46763e+08,1.13802e+06,-249686,-7.13286,34.3897,-7.48733
9.83333,1.47196e+08,1.16086e+06,-260458,5.5741,35.153,-7.60592
9.83333,1.46724e+08,1.20508e+06,-157332,-8.11845,36.2982,-4.27804
9.83333,1.47062e+08,1.20313e+06,307923,1.49701,36.3607,9.09027
9.83333,1.47321e+08,917996,-106743,9.40054,27.8821,-3.22136
9.83333,1.46996e+08,1.24991e+06,261745,-0.0723737,37.7361,7.68269
9.83333,1.46897e+08,1.36648e+06,-79949.5,-3.1217,41.0472,-2.33
9.83333,1.46794e+08,852918,-272990,-6.40337,25.9872,-7.79139
9.83333,1.47169e+08,790777,238220,4.52005,23.9053,7.44144
9.83333,1.46716e+08,800843,177529,-8.39135,24.482,5.18812
9.83333,1.47241e+08,1.05022e+06,-263151,7.37852,31.9492,-7.203
9.83333,1.47389e+08,1.07531e+06,84008.6,11.3025,32.5057,2.44417
9.83333,1.47164e+08,1.13129e+06,-310957,4.73542,34.2349,-9.02873
9.83333,1.46988e+08,733104,307528,-0.488564,22.4949,9.00951
9.83333,1.47237e+08,862164,-262631,6.92995,26.2489,-7.65465
9.83333,1.46903e+08,954227,-328302,-2.99266,28.961,-9.69518
9.83333,1.47055e+08,684579,-158994,1.61668,21.3078,-4.87408
9.83333,1.47269e+08,919128,-255702,7.65465,28.2368,-7.537
9.83333,1.47148e+08,797374,266250,4.4137,24.4086,7.75132
9.83333,1.47108e+08,790249,-264451,3.05973,24.2314,-8.00047
9.83333,1.47165e+08,1.03222e+06,333532,4.90415,31.6504,9.8001
9.83333,1.46821e+08,1.24146e+06,227380,-5.50336,37.3773,6.67174
9.83333,1.46865e+08,1.3074e+06,126438,-4.13436,39.3904,3.78583
9.83333,1.46772e+08,865647,-272356,-6.74706,26.3374,-7.71524
9.83333,1.46751e+08,870882,-247320,-7.25263,26.6891,-7.53088
9.83333,1.47153e+08,783009,245525,4.42887,24.1076,7.20858
9.83333,1.47195e+08,1.07188e+06,268825,5.63429,32.4876,7.9529
9.83333,1.46975e+08,1.35659e+06,-28754.9,-0.855081,40.8548,-0.907591
9.83333,1.47129e+08,1.19915e+06,297908,3.67094,36.1214,8.67849
9.83333,1.46933e+08,691349,186316,-2.19171,21.263,5.49715
9.83333,1.47287e+08,925466,229142,8.24593,27.9175,6.54494
9.83333,1.47262e+08,810995,-192557,7.52709,24.7324,-5.60295
9.83333,1.47256e+08,783688,-171290,7.34553,24.0759,-5.13533
9.83333,1.46751e+08,1.00968e+06,-263012,-7.43197,30.674,-7.77351
9.83333,1.46665e+08,952690,-225230,-9.89117,28.9442,-6.63512
9.83333,1.46936e+08,1.08103e+06,-345958,-1.98749,32.7858,-10.177
9.83333,1.46733e+08,776362,-181287,-7.67945,23.3469,-5.0654
9.83333,1.47248e+08,817559,-219759,7.23087,24.9719,-6.34749
9.83333,1.46764e+08,707435,77296,-6.5832,21.8134,2.53233
9.83333,1.46701e+08,842577,147237,-8.9526,25.6043,4.25792
9.83333,1.47071e+08,1.36126e+06,-77704.8,1.99866,40.8956,-2.26945
9.83333,1.47241e+08,1.05127e+06,-271414,7.25422,32.2085,-7.4547
9.83333,1.46818e+08,756592,208179,-5.30222,23.1187,5.98073
9.83333,1.46901e+08,707108,218836,-3.30694,21.6871,7.10918
9.83333,1.46701e+08,819489,108586,-8.98383,24.7483,3.11853
9.83333,1.46883e+08,622079,64500.5,-3.56325,19.2578,1.9282
9.83333,1.46876e+08,940404,-386804,-3.74028,28.5784,-11.3485
9.83333,1.47207e+08,1.24741e+06,144174,6.10017,37.5359,4.16232
9.83333,1.46794e+08,853178,-274108,-6.35153,25.8909,-7.9938
9.83333,1.47302e+08,840595,-68635.7,8.79725,25.6324,-1.9812
9.83333,1.47101e+08,1.20319e+06,-300795,2.90488,36.2982,-8.77455
9.83333,1.46842e+08,1.27443e+06,-234298,-4.72653,38.3765,-6.78649
9.83333,1.47302e+08,777023,57804,8.89609,23.9587,1.42117
9.83333,1.47269e+08,920725,-255915,7.97312,27.7253,-7.52856
9.83333,1.468e+08,767180,-225280,-6.10492,23.762,-6.80795
9.83333,1.47047e+08,1.20572e+06,308095,1.33973,36.7574,8.71713
9.83333,1.47223e+08,1.28428e+06,93049.2,6.24962,38.4525,2.866
9.83333,1.46789e+08,765624,200473,-6.44517,23.3966,5.71771
9.83333,1.4676e+08,809664,-218170,-7.16476,24.7496,-6.33218
9.83333,1.47051e+08,1.14492e+06,-353079,1.43253,34.4446,-10.2356
9.83333,1.47106e+08,665034,-214475,2.99908,20.5234,-6.29518
9.83333,1.46784e+08,1.2377e+06,-186620,-6.35559,37.3503,-5.60537
9.83333,1.46753e+08,762810,-156485,-7.41988,23.4327,-4.77475
9.83333,1.46731e+08,1.28581e+06,43299.1,-7.95742,38.5233,1.26748
9.83333,1.47014e+08,1.24652e+06,260468,0.423056,37.6845,7.51037
9.83333,1.47173e+08,715029,148062,5.03039,22.007,4.35075
9.83333,1.46692e+08,798946,51012.8,-8.92444,24.3896,1.72889
9.83333,1.46701e+08,789497,44738,-9.04441,24.2027,1.53023
9.83333,1.47125e+08,675649,112135,3.64612,20.7888,3.30104
9.83333,1.47197e+08,697855,100692,5.60422,21.3404,3.03616
9.83333,1.47225e+08,1.20924e+06,237596,6.26989,36.4396,7.0573
9.83333,1.46779e+08,1.23505e+06,188689,-6.579,37.163,4.9336
9.83333,1.47051e+08,1.20347e+06,322930,1.25873,36.1949,9.29639
9.83333,1.47167e+08,1.1886e+06,-274607,4.61652,35.5827,-8.38673
9.83333,1.47279e+08,863365,-177975,8.08253,26.2427,-5.21129
9.83333,1.47344e+08,932326,-152171,9.96446,28.3335,-4.42866
9.83333,1.46974e+08,643821,107190,-0.86807,19.8979,3.167
9.83333,1.46748e+08,1.27676e+06,-92126.7,-7.52591,38.342,-2.72529
9.83333,1.47053e+08,1.1435e+06,-350595,1.4331,34.5873,-10.3388
9.83333,1.47312e+08,841298,-10624.6,9.16021,25.6487,-0.41352
9.83333,1.47168e+08,804950,-277184,4.83946,24.5859,-8.13998
9.83333,1.47252e+08,1.22842e+06,-160676,7.31535,37.0916,-4.66155
9.83333,1.47314e+08,783419,56255.9,8.25211,23.924,1.59715
9.83333,1.46777e+08,1.23904e+06,187064,-6.71001,37.3842,5.4225
9.83333,1.47195e+08,1.19949e+06,249198,5.76598,36.1606,7.36077
9.83333,1.46778e+08,769371,-185892,-6.74599,23.6024,-5.6595
9.83333,1.46611e+08,950809,72763.8,-11.5428,28.8457,2.16631
9.83333,1.47243e+08,1.05232e+06,-262012,6.5648,32.3342,-7.69924
9.83333,1.4676e+08,813686,-222088,-7.50541,24.5306,-6.09505
9.83333,1.46634e+08,1.03629e+06,-84565.6,-10.8475,31.4405,-2.51501
9.83333,1.46673e+08,1.20367e+06,114379,-9.47866,36.4132,3.29902
9.83333,1.47385e+08,976504,-37411.8,11.15,29.6072,-1.08579
9.83333,1.47195e+08,687512,98620,5.58778,21.3306,2.92031
9.83333,1.47214e+08,1.2775e+06,101633,6.38182,38.6223,3.02413
9.83333,1.46857e+08,626437,-27566.3,-4.35485,19.3652,-0.832056
9.83333,1.47045e+08,670919,129883,1.22428,20.6273,3.84392
9.83333,1.47161e+08,1.23346e+06,-225860,3.96714,37.7254,-6.90736
9.83333,1.46747e+08,1.26243e+06,127246,-7.53101,38.0828,3.67764
9.83333,1.46999e+08,1.29902e+06,209555,0.0587388,39.0682,6.44318
9.83333,1.46978e+08,1.35645e+06,-52504,-0.767441,40.8206,-1.49674
9.83333,1.47052e+08,1.1481e+06,-352301,1.48059,34.8462,-10.2999
9.83333,1.47203e+08,1.30245e+06,-120352,5.83516,39.1477,-3.57708
9.83333,1.46973e+08,1.29038e+06,-227120,-0.918853,38.8811,-6.66734
9.83333,1.46687e+08,853024,-79575.8,-9.30683,25.9407,-2.39844
9.83333,1.47237e+08,1.23208e+06,-128428,7.04151,37.2418,-3.84568
9.83333,1.46736e+08,783530,-85881.2,-7.90225,23.915,-2.57629
9.83333,1.47094e+08,975001,-341233,2.65742,29.5973,-10.0292
9.83333,1.46795e+08,774793,-221893,-6.0333,23.4649,-6.55753
9.83333,1.46731e+08,972146,-281366,-7.96863,29.5077,-8.22202
9.83333,1.46764e+08,707823,77803.2,-7.10475,21.8781,2.29663
9.83333,1.46899e+08,706152,216576,-3.00867,21.4295,5.80676
9.83333,1.46874e+08,862893,336385,-3.5716,26.1559,9.67358
9.83333,1.46801e+08,1.06202e+06,-297152,-6.05153,32.2017,-8.69692
9.83333,1.46915e+08,1.31366e+06,110683,-2.67093,39.5578,3.3089
9.83333,1.47114e+08,734335,197591,3.33483,22.5267,5.86254
9.83333,1.46779e+08,1.235e+06,187937,-6.54168,37.2388,5.17773
9.83333,1.46741e+08,1.03252e+06,-253494,-7.69898,31.2769,-7.54917
9.83333,1.47243e+08,858911,267203,7.03591,26.351,7.71992
9.83333,1.46772e+08,852209,-256294,-7.06112,25.9342,-7.62776
9.83333,1.47257e+08,905731,-287660,7.46746,27.5803,-8.35609
9.83333,1.47157e+08,1.23661e+06,-226132,4.642,37.7938,-5.98877
9.83333,1.46763e+08,707941,76946.3,-7.54597,22.0672,2.3716
9.83333,1.46773e+08,1.26836e+06,-102187,-6.88375,38.2728,-3.16727
9.83333,1.46789e+08,802773,248505,-6.29108,24.5048,7.23714
9.83333,1.47164e+08,1.3063e+06,-3463.57,4.7994,39.3438,-0.106214
9.83333,1.47341e+08,1.00344e+06,-158562,9.89193,30.4055,-4.67643
9.83333,1.46713e+08,1.19966e+06,-134060,-8.26612,36.5174,-4.20474
9.83333,1.46857e+08,625291,-26997.9,-4.40807,19.3198,-0.807641
9.83333,1.4671e+08,956474,248065,-8.61059,29.0369,7.33737
9.83333,1.46685e+08,1.09055e+06,-238316,-9.28931,33.004,-7.01643
9.83333,1.47214e+08,747499,135325,6.13918,22.8645,4.01577
9.83333,1.4674e+08,685556,-24847.4,-7.75949,21.115,-0.69796
9.83333,1.46752e+08,872954,-247399,-7.62562,26.5082,-7.45726
9.83333,1.47335e+08,927094,-63970.3,9.73425,28.1708,-1.92108
9.83333,1.46676e+08,1.13606e+06,-138545,-9.68199,34.435,-4.06095
9.83333,1.47102e+08,662269,206664,2.92247,20.4527,6.06831
9.83333,1.47028e+08,657931,-120394,0.70638,20.3311,-3.59115
9.83333,1.47189e+08,1.31342e+06,-71135.9,5.45712,39.5057,-2.13094
9.83333,1.47233e+08,1.12188e+06,-229294,6.72597,33.9641,-6.83035
9.83333,1.46914e+08,962121,343791,-2.66662,29.1903,10.1085
9.83333,1.47304e+08,877090,-119982,8.86317,26.7407,-3.53975
9.83333,1.46741e+08,836259,213764,-7.7114,25.4237,6.32813
9.83333,1.47227e+08,1.04847e+06,-284999,6.73462,31.7972,-8.09298
9.83333,1.47023e+08,833960,327931,0.611049,25.4115,9.6102
9.83333,1.4734e+08,959427,1012.53,9.93807,29.0363,0.00994949
9.83333,1.47353e+08,1.03886e+06,49490.8,10.2435,31.3737,1.57336
9.83333,1.46818e+08,1.32583e+06,-129662,-5.42939,39.7486,-3.93178
9.83333,1.47106e+08,1.33681e+06,-166792,3.03797,40.1571,-4.86676
9.83333,1.4734e+08,1.12633e+06,-160638,9.80498,34.133,-4.76397
9.83333,1.46754e+08,1.11538e+06,-243323,-7.30376,33.8562,-7.29657
9.83333,1.46732e+08,776387,-181752,-7.828,23.8462,-5.36361
9.83333,1.46631e+08,854430,99009.3,-10.9007,25.9991,2.94174
9.83333,1.47342e+08,978628,-383.281,9.98399,29.5365,0.00934391
9.83333,1.47141e+08,667074,10760.1,4.09603,20.534,0.3734
9.83333,1.47075e+08,1.23314e+06,261337,2.42615,37.2149,7.69878
9.83333,1.47213e+08,763295,-155017,6.24971,23.4393,-4.71227
9.83333,1.47284e+08,798788,-59304.9,8.30183,24.4327,-1.71039
9.83333,1.47004e+08,1.29755e+06,213897,-0.0928219,39.1609,6.25625
9.83333,1.47026e+08,1.25619e+06,245888,0.592199,37.8295,7.45347
9.83333,1.469e+08,706476,216685,-3.46867,21.3353,5.43407
9.83333,1.47157e+08,1.23433e+06,-227132,4.83572,36.5515,-7.26277
9.83333,1.46703e+08,743525,73614.9,-8.71718,22.8294,2.20151
9.83333,1.46769e+08,869840,278002,-6.83033,26.4675,8.19012
9.83333,1.47244e+08,1.23792e+06,-172802,7.02956,37.0955,-4.97105
9.83333,1.472e+08,1.02502e+06,-316294,5.84006,31.1662,-9.21073
9.83333,1.46917e+08,746581,-301231,-2.60359,22.9072,-8.81426
9.83333,1.46731e+08,1.26862e+06,58990.3,-7.86628,38.2453,1.76663
9.83333,1.47175e+08,991584,309245,5.08306,30.0989,9.11453
9.83333,1.46965e+08,1.36378e+06,-3954.8,-1.13068,41.0077,-0.218949
9.83333,1.46737e+08,1.22304e+06,-145544,-7.87212,36.8033,-4.34878
9.83333,1.47044e+08,1.20244e+06,327180,1.39803,36.4262,9.34838
9.83333,1.47155e+08,1.24142e+06,-222143,4.6637,37.2226,-6.62679
9.83333,1.47168e+08,703993,86007.1,4.90074,21.5553,2.61084
9.83333,1.467e+08,842795,145242,-8.83102,25.5815,4.33048
9.83333,1.46977e+08,1.257e+06,255998,-0.660243,37.854,7.54843
9.83333,1.46818e+08,782200,-233701,-5.72483,23.8367,-6.84101
9.83333,1.47165e+08,1.2183e+06,250059,4.47992,36.915,7.25406
9.83333,1.47144e+08,1.28983e+06,-144270,4.1876,38.8088,-4.30777
9.83333,1.47065e+08,888608,359594,1.65481,26.7779,10.8651
9.83333,1.46808e+08,756917,-223387,-6.00809,23.3442,-6.4036
9.83333,1.47248e+08,1.22015e+06,-180855,7.08638,36.8955,-5.18634
9.83333,1.47363e+08,933325,74263.3,10.5456,28.3521,2.14601
9.83333,1.4702e+08,697132,-181510,0.538567,21.3945,-5.32243
9.83333,1.46752e+08,717651,102047,-7.36449,21.9267,2.40773
9.83333,1.46848e+08,643886,-149558,-4.57714,19.9001,-4.41624
9.83333,1.46794e+08,867923,266476,-6.22647,26.363,7.89242
9.83333,1.46924e+08,1.31452e+06,-201176,-2.36687,39.5729,-5.88138
9.83333,1.46709e+08,956569,246745,-8.67857,29.088,7.22539
9.83333,1.47147e+08,652644,94692.8,4.24337,20.2013,2.79416
9.83333,1.46995e+08,1.24097e+06,-314242,-0.239435,37.3871,-9.22818
9.83333,1.46768e+08,1.26681e+06,-128216,-7.13731,38.1291,-3.71316
9.83333,1.46658e+08,1.13919e+06,-131240,-10.0188,34.4716,-3.86853
9.83333,1.4685e+08,1.19853e+06,-282039,-4.60723,36.1537,-8.23821
9.83333,1.46764e+08,1.18965e+06,256727,-6.96882,35.9672,7.4484
9.83333,1.47098e+08,1.15985e+06,-313542,2.80968,35.0778,-9.20475
9.83333,1.46898e+08,754622,-297708,-3.0895,23.0988,-8.74455
9.83333,1.46822e+08,1.2397e+06,226016,-5.55218,37.4392,6.35165
9.83333,1.4665e+08,1.17345e+06,-56696,-10.3441,35.3658,-1.72171
9.83333,1.46733e+08,776552,-181268,-7.99571,24.283,-5.80312
9.83333,1.46832e+08,852393,-327648,-5.10865,25.9688,-9.51598
9.83333,1.46784e+08,1.23507e+06,-189611,-6.45079,37.226,-5.61195
9.83333,1.46762e+08,812478,-218656,-7.04199,24.6886,-6.14233
9.83333,1.46793e+08,1.13208e+06,-281172,-6.3056,34.2608,-8.19197
9.83333,1.46751e+08,871419,-247401,-7.26391,26.6629,-7.35843
9.83333,1.47221e+08,743331,-189920,6.41422,22.945,-5.54048
9.83333,1.46668e+08,1.15841e+06,-88120.9,-9.88282,35.0404,-2.58411
9.83333,1.46972e+08,869177,317475,-0.937725,26.4257,9.35777
9.83333,1.47165e+08,1.2348e+06,-225416,4.99507,37.2373,-6.57955
9.83333,1.46792e+08,851077,-272423,-6.42888,26.0492,-8.10888
9.83333,1.46634e+08,1.1499e+06,-22408.8,-10.8829,34.771,-0.748435
9.83333,1.47064e+08,888196,360521,1.91618,27.1604,10.383
9.83333,1.47079e+08,1.23411e+06,262101,1.96271,37.1885,7.84553
9.83333,1.4724e+08,1.23114e+06,-126553,7.16475,36.9092,-3.85714
9.83333,1.46762e+08,773176,-205720,-7.02903,23.8549,-6.04412
9.83333,1.46842e+08,625008,-35825.8,-4.63465,19.3229,-0.965518
9.83333,1.47294e+08,737711,-74585.5,8.54395,22.6651,-2.15458
9.83333,1.47207e+08,1.11826e+06,285838,5.94603,33.874,8.37368
9.83333,1.47271e+08,847175,-162447,7.93506,25.8054,-4.86702
9.83333,1.47039e+08,1.31708e+06,-133419,1.09241,39.7087,-3.93921
9.83333,1.47366e+08,1.06208e+06,-86136.8,10.6409,32.1334,-2.5502
9.83333,1.47263e+08,827727,160790,7.62371,25.2525,4.75252
9.83333,1.46759e+08,808511,-218737,-6.89342,25.1576,-7.20069
9.83333,1.46743e+08,1.26706e+06,68697.2,-7.78112,38.1927,2.14559
9.83333,1.46771e+08,1.05394e+06,285894,-6.72634,31.8748,8.36562
9.83333,1.47372e+08,976300,-124206,10.7738,29.6068,-3.65918
9.83333,1.46748e+08,1.26384e+06,81237.7,-7.67229,38.0284,2.35269
9.83333,1.47218e+08,1.28206e+06,91756.5,6.46045,38.7093,3.00489
9.83333,1.46906e+08,665464,-25790.4,-2.90458,20.452,-0.747884
9.83333,1.47308e+08,906314,112960,8.97759,27.5486,3.33599
9.83333,1.46702e+08,964272,-216520,-8.86699,29.2549,-6.43779
9.83333,1.47191e+08,834270,262117,5.22685,25.3375,7.82512
9.83333,1.47187e+08,832661,264089,5.64378,25.2884,7.73774
9.83333,1.47191e+08,913340,275672,5.64379,27.7039,8.12577
9.83333,1.46767e+08,890722,-268351,-7.28944,26.9302,-7.89767
9.83333,1.46747e+08,874135,-247020,-7.76911,26.3683,-7.27788
9.83333,1.46747e+08,737777,-83788,-7.57319,22.6542,-2.49169
9.83333,1.46707e+08,1.24588e+06,56518.6,-8.59501,37.6369,1.735
9.83333,1.47313e+08,843513,-12711.5,9.01767,25.7501,-0.326654
9.83333,1.46907e+08,745560,302739,-2.82679,22.8436,8.84453
9.83333,1.47018e+08,1.15966e+06,-309145,0.435571,35.0443,-9.15243
9.83333,1.46755e+08,1.19558e+06,-198996,-7.25882,36.1797,-5.89985
9.83333,1.47162e+08,1.21565e+06,252763,4.62367,36.6628,7.51189
9.83333,1.47144e+08,635306,-48909.8,4.11389,19.6369,-1.41275
9.83333,1.46781e+08,1.15795e+06,-288650,-6.54468,34.9362,-8.33454
9.83333,1.47284e+08,805885,-178025,8.07853,24.6669,-5.28104
9.83333,1.46828e+08,1.33598e+06,-29034.9,-5.18485,40.1879,-0.891399
9.83333,1.46741e+08,1.26998e+06,21793.5,-7.78256,38.3643,0.625107
9.83333,1.47042e+08,713037,-196353,1.12321,21.8124,-5.74411
9.83333,1.4674e+08,835757,213212,-7.75223,25.3941,6.247
9.83333,1.46832e+08,1.32654e+06,-145869,-5.14058,39.7846,-4.25698
9.83333,1.47244e+08,1.05323e+06,-261170,7.29812,31.2985,-8.13979
9.83333,1.46765e+08,1.24232e+06,164375,-7.15723,37.6318,4.53898
9.83333,1.47283e+08,1.19775e+06,-105458,8.31058,36.0915,-3.04846
9.83333,1.4718e+08,1.32189e+06,28922.4,5.20726,39.735,0.827246
9.83333,1.47261e+08,810041,-192026,7.49008,24.7041,-5.60385
9.83333,1.46752e+08,870781,-247923,-6.6468,26.0685,-6.75325
9.83333,1.46951e+08,880681,-354247,-1.60245,26.8175,-10.4296
9.83333,1.46682e+08,1.02945e+06,244869,-9.39684,31.1671,7.22007
9.83333,1.47291e+08,926443,179121,8.43492,28.1606,5.40021
9.83333,1.46792e+08,1.20314e+06,-237700,-6.2342,36.1983,-7.04904
9.83333,1.47245e+08,1.05466e+06,-260383,6.73973,31.2743,-8.80753
9.83333,1.47334e+08,1.14061e+06,-162703,9.68281,34.3829,-4.79412
9.83333,1.46898e+08,798482,326042,-3.11454,24.3827,9.546
9.83333,1.46849e+08,1.33401e+06,136079,-4.6073,40.0439,4.05674
9.83333,1.47008e+08,716191,218377,0.108475,21.9619,6.43971
9.83333,1.46716e+08,1.22091e+06,105606,-8.38484,36.9059,3.22038
9.83333,1.46713e+08,1.19925e+06,-134070,-8.55016,36.0355,-4.07791
9.83333,1.47165e+08,1.25491e+06,231274,4.77787,37.8624,6.6673
9.83333,1.47036e+08,812337,295365,1.00345,24.7639,8.69941
9.83333,1.47273e+08,913644,217894,8.05417,27.8775,6.4843
9.83333,1.47067e+08,631203,121942,1.87098,19.54,3.59953
9.83333,1.47003e+08,1.30484e+06,234677,0.00313722,39.1791,6.80961
9.83333,1.46765e+08,1.24261e+06,164519,-7.23488,37.7441,4.81891
9.83333,1.47057e+08,678997,-96231.7,1.58021,20.8505,-2.88816
9.83333,1.46861e+08,1.28016e+06,-239244,-4.34111,38.5296,-6.93108
9.83333,1.46739e+08,837459,213905,-7.71501,25.5468,6.24398
9.83333,1.47159e+08,782534,245780,4.3758,24.298,7.01296
9.83333,1.46772e+08,875225,298598,-6.78122,26.6028,8.6606
9.83333,1.47167e+08,1.1869e+06,-276684,4.783,35.8555,-7.88712
9.83333,1.46931e+08,680203,150810,-2.06839,20.9554,4.58666
9.83333,1.46905e+08,1.1393e+06,326516,-2.89326,34.486,9.51961
9.83333,1.47152e+08,710248,224910,4.35585,21.9062,6.58864
9.83333,1.46946e+08,921879,-400754,-1.72021,28.0264,-11.7613
9.83333,1.46877e+08,677773,-162961,-3.73726,20.8435,-4.83853
9.83333,1.46982e+08,1.34895e+06,199592,-0.618034,40.5039,5.91674
9.83333,1.46778e+08,1.18155e+06,-240748,-6.80311,35.8193,-7.09865
9.83333,1.4693e+08,1.13474e+06,-337367,-2.29764,34.3048,-9.96167
9.83333,1.47295e+08,781870,24972.7,8.43153,24.1639,0.81138
9.83333,1.46824e+08,1.24303e+06,224980,-5.43341,37.3388,6.53697
9.83333,1.46785e+08,761466,191286,-6.19578,23.4602,5.8221
9.83333,1.46777e+08,1.23735e+06,187504,-6.92053,37.7533,5.60489
9.83333,1.47265e+08,1.30465e+06,-15532.1,7.65516,39.261,-0.46289
9.83333,1.47106e+08,645282,-66965.8,3.03822,19.9081,-1.95709
9.83333,1.46764e+08,1.13435e+06,-249610,-6.969,34.3315,-7.2492
9.83333,1.46747e+08,979697,286052,-7.55148,29.7504,8.36745
9.83333,1.47026e+08,722317,-279113,0.626411,22.173,-8.19119
9.83333,1.47129e+08,821557,316427,3.57935,25.2228,9.28301
9.83333,1.46889e+08,685821,91884.6,-3.40272,21.0606,2.78885
9.83333,1.47232e+08,1.15802e+06,-232654,6.58204,35.0026,-6.83549
9.83333,1.47314e+08,783630,56665.4,9.50679,24.1095,1.71112
9.83333,1.46768e+08,1.10463e+06,-277717,-6.87936,33.5137,-7.9823
9.83333,1.46623e+08,1.13921e+06,-40432.4,-11.0971,34.5141,-1.18398
9.83333,1.46902e+08,706916,217596,-3.84753,21.7527,6.65409
9.83333,1.47251e+08,862598,266154,6.90603,26.2499,7.80033
9.83333,1.47194e+08,1.20014e+06,249229,5.29488,36.3815,7.33391
9.83333,1.46611e+08,1.1488e+06,22816.1,-11.5227,34.7544,0.628249
9.83333,1.47132e+08,900810,-321002,3.72871,27.3556,-9.40984
9.83333,1.47039e+08,823659,-310413,1.09711,25.1207,-9.12807
9.83333,1.46703e+08,1.03673e+06,-211089,-8.81338,31.42,-6.28628
9.83333,1.47212e+08,1.29174e+06,20615.1,6.11601,38.9238,0.618107
9.83333,1.46854e+08,1.29842e+06,-194359,-4.509,38.9945,-5.68074
9.83333,1.47166e+08,1.23503e+06,-222265,5.37089,36.7719,-6.64224
9.83333,1.4712e+08,1.34899e+06,19705.7,3.45208,40.57,0.541407
9.83333,1.47019e+08,1.30833e+06,212645,0.331409,39.2719,6.33794
9.83333,1.46837e+08,1.23857e+06,253127,-4.98285,37.3498,7.22474
9.83333,1.47025e+08,1.21555e+06,330570,0.78684,36.5901,9.59461
9.83333,1.46751e+08,745463,84126.7,-7.51014,22.7417,2.56247
9.83333,1.4731e+08,980223,149554,9.00078,29.7165,4.45489
9.83333,1.46891e+08,1.12678e+06,-345299,-3.22089,34.1067,-10.1028
9.83333,1.47284e+08,1.19701e+06,-104654,8.04357,36.2952,-3.32159
9.83333,1.46889e+08,1.09724e+06,378143,-3.44692,33.1433,11.112
9.83333,1.47009e+08,648559,32062.3,0.189283,20.0705,1.04025
9.83333,1.47121e+08,830660,322117,3.63081,25.0504,9.4055
9.83333,1.47184e+08,758558,177287,5.25693,23.1681,5.28125
9.83333,1.47229e+08,1.28405e+06,122777,6.42879,38.5793,3.51751
9.83333,1.47285e+08,926713,208364,8.26217,28.1338,6.30393
9.83333,1.47061e+08,1.36069e+06,-39054.7,1.64933,41.007,-1.21159
9.83333,1.46743e+08,1.03312e+06,246364,-7.70419,31.3024,7.33356
9.83333,1.46735e+08,1.27272e+06,-76871.2,-7.83918,38.4064,-2.40317
9.83333,1.47243e+08,865319,263972,7.12522,26.1281,7.87482
9.83333,1.46798e+08,1.23435e+06,212495,-5.889,37.3514,6.30038
9.83333,1.47286e+08,930264,227228,8.28535,28.3439,6.51803
9.83333,1.46834e+08,831535,285373,-5.06886,25.352,8.44529
9.83333,1.47158e+08,1.2345e+06,-226960,5.17326,36.8654,-7.10172
9.83333,1.47223e+08,774633,-181262,6.39848,23.9346,-4.98069
9.83333,1.47192e+08,709658,122231,5.51317,21.7867,3.56539
9.83333,1.47169e+08,1.27012e+06,-150522,4.8704,38.272,-4.5348
9.83333,1.46807e+08,757460,-223530,-5.78224,23.3655,-6.34554
9.83333,1.47043e+08,717135,268105,1.1553,22.0422,7.86146
9.83333,1.46906e+08,1.14235e+06,323803,-2.96063,34.6359,9.53251
9.83333,1.4672e+08,1.2048e+06,-148880,-8.3761,36.4217,-4.45522
9.83333,1.46969e+08,730976,-274810,-1.06539,22.5019,-8.22771
9.83333,1.47292e+08,997361,179146,8.53173,30.1836,5.34372
9.83333,1.46677e+08,1.20558e+06,117224,-9.75599,36.253,3.30407
9.83333,1.46644e+08,868657,161467,-10.5257,26.4148,4.73492
9.83333,1.46765e+08,1.24273e+06,164334,-7.12608,37.5638,4.68564
9.83333,1.46925e+08,1.36386e+06,-55563.7,-2.37933,40.9417,-1.70166
9.83333,1.4719e+08,648909,3589.01,5.46281,20.0629,0.13133
9.83333,1.47077e+08,1.22139e+06,-300050,2.27796,36.7756,-8.79104
9.83333,1.47207e+08,1.28537e+06,133741,6.20019,38.4803,3.87717
9.83333,1.46649e+08,992669,-202347,-10.3639,30.0964,-6.00023
9.83333,1.46722e+08,1.20505e+06,-150600,-8.23546,36.5189,-4.47033
9.83333,1.46656e+08,1.15623e+06,-67944.9,-10.198,35.0251,-2.05069
9.83333,1.46877e+08,861601,334923,-3.99146,26.332,9.99567
9.83333,1.46728e+08,1.22457e+06,126386,-8.01909,37.0507,3.69503
9.83333,1.47202e+08,1.1822e+06,-227524,5.68818,35.8479,-6.84959
9.83333,1.47172e+08,801653,245398,4.83311,24.3339,7.0432
9.83333,1.47268e+08,746105,2610.58,7.8412,22.8717,0.112169
9.83333,1.47006e+08,1.0858e+06,348000,0.0537302,32.9803,10.2193
9.83333,1.46991e+08,642789,76735.3,-0.387523,19.8429,2.30199
9.83333,1.47035e+08,1.35266e+06,-141985,0.964893,40.6453,-4.15711
9.83333,1.47125e+08,824123,320942,3.74209,25.2287,9.13957
9.83333,1.47287e+08,1.00738e+06,206305,8.37355,30.4292,6.07446
9.83333,1.46927e+08,665336,-99877.6,-2.25567,20.4778,-2.9543
9.83333,1.47047e+08,1.35961e+06,-38848.6,1.46643,40.9251,-1.1911
9.83333,1.46895e+08,971715,-392211,-3.21297,29.4529,-11.5093
9.83333,1.47221e+08,776093,-177683,6.6444,23.6628,-5.39032
9.83333,1.46784e+08,1.22298e+06,-207425,-6.50392,36.8576,-5.9937
9.83333,1.4739e+08,918151,28223.2,11.2819,27.8968,0.813487
9.83333,1.47287e+08,925718,229993,8.25658,28.2335,6.87084
9.83333,1.46905e+08,1.32023e+06,209810,-2.90539,39.6745,6.17686
9.83333,1.46747e+08,1.08377e+06,-267444,-7.45839,32.8616,-7.85399
9.83333,1.46945e+08,1.33102e+06,-179503,-1.7806,40.0247,-5.30509
9.83333,1.47098e+08,1.08922e+06,388528,2.78924,32.9887,11.3968
9.83333,1.47151e+08,816761,287818,4.05329,24.4649,8.22631
9.83333,1.46898e+08,709509,220741,-2.76616,20.9517,6.08018
9.83333,1.47183e+08,1.07878e+06,-309436,5.36953,32.734,-9.04271
9.83333,1.46737e+08,1.02787e+06,232397,-7.799,31.1837,7.065
9.83333,1.46765e+08,891463,-268605,-6.81821,26.8563,-7.68702
9.83333,1.46682e+08,800886,40834.1,-9.25429,24.3272,1.42886
9.83333,1.46792e+08,1.2028e+06,-240575,-6.42113,36.2911,-6.77685
9.83333,1.46799e+08,767508,-224982,-6.02444,23.2827,-6.5086
9.83333,1.47256e+08,1.0353e+06,-253348,7.23122,31.6469,-7.6006
9.83333,1.46901e+08,707024,217769,-2.66596,22.1191,7.00014
9.83333,1.46699e+08,923918,266277,-8.89673,28.1266,7.78978
9.83333,1.47099e+08,1.32747e+06,-117914,2.83625,39.7313,-3.38376
9.83333,1.4679e+08,1.00245e+06,283164,-6.29522,30.4461,8.37422
9.83333,1.47157e+08,1.23895e+06,-225035,4.71322,36.8544,-6.63664
9.83333,1.46796e+08,1.20313e+06,233519,-6.1439,36.4891,6.77799
9.83333,1.47373e+08,885521,17982.9,10.8019,26.9788,0.526029
9.83333,1.47312e+08,841608,-10513.6,9.16011,25.6505,-0.0905961
9.83333,1.47204e+08,794602,240697,5.67589,24.36,7.08179
9.83333,1.46789e+08,741284,167277,-6.3304,22.7586,4.98184
9.83333,1.46915e+08,1.1328e+06,-339333,-2.52559,34.2792,-9.99904
9.83333,1.47111e+08,883121,-313843,2.85677,26.7074,-9.22591
9.83333,1.47063e+08,1.36193e+06,-38626.7,1.65262,40.8527,-1.20673
9.83333,1.47337e+08,1.13498e+06,95638,9.7916,34.2918,2.79693
9.83333,1.47302e+08,1.27056e+06,-29646.7,8.71672,38.2973,-0.890566
9.83333,1.47136e+08,703709,-223779,3.89702,21.6277,-6.56628
9.83333,1.47308e+08,801428,54282.7,8.97715,24.269,1.54713
9.83333,1.46835e+08,1.28601e+06,-191777,-4.9472,38.6641,-5.60545
9.83333,1.47222e+08,774675,-180546,6.51729,23.6016,-5.48883
9.83333,1.46759e+08,1.04456e+06,327000,-7.15894,31.6383,9.53276
9.83333,1.47211e+08,921073,276158,6.07223,27.9072,8.09106
9.83333,1.46928e+08,1.26957e+06,249672,-2.2046,38.2396,7.31646
9.83333,1.46821e+08,826105,311604,-5.36431,25.2854,9.04653
9.83333,1.46864e+08,730418,204740,-4.0906,22.2722,6.06757
9.83333,1.46731e+08,1.28664e+06,44360.5,-8.00268,38.6443,1.43135
9.83333,1.47301e+08,743864,-12346.6,8.70678,22.8694,-0.306614
9.83333,1.47159e+08,1.23402e+06,-227643,4.62455,36.804,-6.32324
9.83333,1.46936e+08,1.04378e+06,326981,-2.01705,31.6514,9.64419
9.83333,1.46816e+08,1.30066e+06,-137806,-5.6942,38.886,-4.08841
9.83333,1.46746e+08,1.2629e+06,126439,-7.42086,37.7151,3.90086
9.83333,1.46668e+08,830355,-126967,-9.76966,25.3041,-3.82586
9.83333,1.47111e+08,882714,-314046,3.52232,27.0789,-9.28961
9.83333,1.46764e+08,1.24383e+06,164934,-6.91748,37.4856,4.52675
9.83333,1.46801e+08,1.25824e+06,-178899,-6.13189,37.6227,-5.35464
9.83333,1.47246e+08,843378,-246539,7.12146,25.7384,-7.19429
9.83333,1.47273e+08,1.22661e+06,106717,7.85505,37.0502,3.15156
9.83333,1.47084e+08,1.10698e+06,-330778,2.3777,33.5699,-9.73203
9.83333,1.47241e+08,1.23109e+06,-125983,6.67929,37.2807,-3.95171
9.83333,1.47173e+08,1.25327e+06,221664,4.89491,37.7207,6.64313
9.83333,1.47218e+08,1.2623e+06,125089,6.22258,38.1952,3.72431
9.83333,1.46751e+08,743356,82986.9,-7.35008,22.5561,2.48701
9.83333,1.47158e+08,1.23124e+06,-228104,4.94898,38.0627,-5.7232
9.83333,1.47064e+08,935946,-325194,1.82135,28.439,-9.59167
9.83333,1.47074e+08,824232,-302551,2.08366,25.1489,-8.90268
9.83333,1.46822e+08,1.16434e+06,-268812,-5.4743,35.2135,-7.89151
9.83333,1.47161e+08,1.2332e+06,-224721,3.93111,37.6168,-7.28597
9.83333,1.47199e+08,680586,-16987.4,5.76538,20.9234,-0.444056
9.83333,1.47327e+08,939803,-99367.9,9.52736,28.4417,-2.94561
9.83333,1.47206e+08,1.24984e+06,144831,5.93139,38.0371,4.3376
9.83333,1.4679e+08,765309,200211,-6.18276,23.179,5.7344
9.83333,1.46782e+08,1.05164e+06,284760,-6.68134,31.8448,8.40552
9.83333,1.47005e+08,1.10479e+06,344432,0.0552666,33.396,10.1369
9.83333,1.47353e+08,1.03833e+06,50413.9,10.243,31.4339,1.46536
9.83333,1.46814e+08,1.00781e+06,296673,-5.68189,30.5611,8.73943
9.83333,1.47158e+08,1.23445e+06,-226653,5.04963,36.5842,-6.68357
9.83333,1.46789e+08,1.26374e+06,-155485,-6.35374,38.0987,-4.68042
9.83333,1.4715e+08,816972,288467,4.28366,24.9642,8.35289
9.83333,1.46852e+08,1.26788e+06,-195083,-4.60949,38.3028,-5.76202
9.83333,1.47183e+08,653083,72093.3,5.24548,20.2107,2.16457
9.83333,1.47079e+08,864171,-372941,2.23556,26.3362,-10.9253
9.83333,1.46742e+08,1.26946e+06,11366.1,-7.74761,38.2446,0.557443
9.83333,1.46765e+08,1.24222e+06,162830,-6.83356,37.0667,5.77929
9.83333,1.47056e+08,685380,-160191,1.38849,20.8572,-4.55319
9.83333,1.47168e+08,1.18748e+06,-276974,4.99115,36.1798,-7.60196
9.83333,1.46773e+08,852554,-256659,-6.66044,26.2018,-7.48665
9.83333,1.47294e+08,854272,85710.1,8.59116,25.9918,2.50245
9.83333,1.47202e+08,1.18227e+06,-227413,5.88267,35.7383,-6.6984
9.83333,1.4685e+08,674004,155114,-4.55442,20.9047,4.58702
9.83333,1.47116e+08,1.23724e+06,259935,3.34219,37.2084,7.62288
9.83333,1.4665e+08,921576,109273,-10.3855,27.9579,3.2394
9.83333,1.47178e+08,1.19299e+06,257540,5.2286,36.3049,7.57567
9.83333,1.46831e+08,1.32493e+06,147648,-5.05271,39.8212,4.32821
9.83333,1.47151e+08,817640,288129,4.74312,25.2896,8.57563
9.83333,1.47156e+08,1.2362e+06,-227175,3.91385,36.9994,-7.1362
9.83333,1.47245e+08,1.05803e+06,-262040,7.2452,32.1128,-7.77529
9.83333,1.47257e+08,718849,-1388.1,7.48801,22.1504,-0.0097952
9.83333,1.47019e+08,1.24797e+06,256452,0.332881,37.5777,7.6214
9.83333,1.47236e+08,1.17145e+06,252309,6.68111,35.4715,7.41692
9.83333,1.47165e+08,1.25998e+06,230514,4.83792,37.5443,6.84196
9.83333,1.47e+08,671948,-136080,-0.0706542,20.6931,-4.06672
9.83333,1.47165e+08,1.03217e+06,333515,4.70671,30.8953,9.7581
9.83333,1.47056e+08,883380,377102,1.62377,26.8928,10.9323
9.83333,1.4681e+08,751740,-223199,-5.96083,23.5437,-6.82759
9.83333,1.4717e+08,789738,236525,5.05844,24.3107,7.40496
9.83333,1.469e+08,706925,218364,-2.94698,22.3677,5.80619
9.83333,1.47182e+08,1.08077e+06,-309337,5.29512,32.7027,-9.02492
9.83333,1.46986e+08,1.00933e+06,-360995,-0.516037,30.6233,-10.6217
9.83333,1.46715e+08,1.19696e+06,112109,-8.48637,36.3549,3.34116
9.83333,1.46776e+08,1.23682e+06,185628,-6.60091,37.4736,5.51603
9.83333,1.4734e+08,959443,1020.04,9.95037,29.3047,0.0182897
9.83333,1.47189e+08,1.28688e+06,-13096.2,5.45813,38.8343,-0.369967
9.83333,1.46963e+08,681515,165550,-1.35465,20.9796,4.87465
9.83333,1.47312e+08,1.00984e+06,-179164,9.07631,30.6139,-5.28704
9.83333,1.47232e+08,1.2822e+06,106773,6.47503,38.6353,3.20051
9.83333,1.4682e+08,842140,301852,-5.39423,25.5849,8.83504
9.83333,1.46667e+08,1.19991e+06,112238,-9.62589,36.455,3.48893
9.83333,1.47101e+08,1.31865e+06,-112364,2.98636,39.7649,-3.68516
9.83333,1.47182e+08,1.17311e+06,262874,5.18099,35.71,7.62052
9.83333,1.46897e+08,705529,216215,-2.73667,22.0888,6.92424
9.83333,1.46744e+08,1.03549e+06,-282244,-7.5995,31.3795,-8.19814
9.83333,1.46748e+08,876364,-248090,-7.30823,26.6301,-7.71613
9.83333,1.46694e+08,797359,59013.7,-9.14631,24.1304,1.35949
9.83333,1.47159e+08,1.23433e+06,-225185,3.64794,37.4169,-6.34854
9.83333,1.46768e+08,1.10667e+06,-276976,-7.00734,33.4882,-8.14511
9.83333,1.46801e+08,1.25873e+06,-179125,-5.96713,38.1041,-5.1371
9.83333,1.46664e+08,1.07879e+06,-51726.6,-10.0028,32.7163,-1.56572
