1.99e+09,-1.47e+08,-0.00749173,-0.00111769,8.9359e-07,-3.48609e-07,-5.90449e-08
330,-1.21833e+08,-3.84819e+07,0.000142162,49.6646,31.7903,8.88556e-09
73.4,-5679.92,1.25627e+06,2.55292,-0.264152,29.2083,5.93679e-05
2750,4.07061e+07,5.13843e+07,0.00320736,-6.9055,25.1906,1.02089e-07
642,-2.7878e+07,2.07504e+08,2.88738e-05,-20.4398,11.6836,2.13119e-09
486,4.3674e+07,-1.89324e+08,1.28288e-05,15.644,15.7558,-5.11461e-11
9.83333,1.87101e+08,1.91629e+08,4.22868e+07,4350.07,4455.36,983.165
9.83333,-1.03193e+08,-1.96661e+08,1.39326e+08,-2399.29,-4572.32,3239.29
9.83333,-1.99466e+08,-3.90631e+07,1.57425e+08,-4637.65,-908.174,3659.97
9.83333,1.08225e+08,-1.47982e+08,2.13501e+08,2516.2,-3440.57,4963.89
9.83333,-8.73499e+07,-1.19808e+08,2.08284e+08,-2030.94,-2785.51,4842.54
9.83333,1.90212e+08,1.9719e+08,3.43377e+06,4422.41,4584.65,79.835
9.83333,-1.60061e+08,1.35053e+08,1.69262e+08,-3721.47,3139.93,3935.26
9.83333,2.0933e+08,-5.8142e+07,-1.63584e+08,4866.9,-1351.8,-3803.33
9.83333,-2.06315e+08,3.12114e+07,1.5902e+08,-4796.88,725.631,3697.04
9.83333,-1.02736e+08,-1.48516e+08,-1.99257e+08,-2388.67,-3452.95,-4632.67
9.83333,1.30048e+08,-1.71237e+08,1.65584e+08,3023.58,-3981.25,3849.83
9.83333,-6.64547e+07,-1.08418e+08,-2.56969e+08,-1545.11,-2520.7,-5974.49
9.83333,-1.32858e+07,-2.31352e+08,1.74707e+08,-308.934,-5378.91,4061.91
9.83333,5.89625e+07,9.58771e+07,2.45089e+08,1370.84,2229.14,5698.29
9.83333,1.02168e+08,1.49047e+08,2.10461e+08,2375.38,3465.35,4893.22
9.83333,-9.53697e+07,1.45435e+08,2.33373e+08,-2217.39,3381.34,5425.89
9.83333,1.00418e+07,2.61481e+08,5.05269e+07,233.43,6079.41,1174.75
9.83333,1.81649e+08,-1.08072e+08,-1.75823e+08,4223.32,-2512.66,-4087.87
9.83333,-2.54283e+08,-5.94639e+07,-1.26338e+08,-5912.12,-1382.43,-2937.15
9.83333,-1.02203e+08,-1.02208e+08,-2.15106e+08,-2376.28,-2376.32,-5001.17
9.83333,1.67948e+08,-9.77399e+07,2.0775e+08,3904.76,-2272.45,4830.19
9.83333,3.50762e+07,2.39778e+08,8.8342e+07,815.482,5574.81,2053.94
9.83333,-1.47719e+08,1.01457e+08,-2.19204e+08,-3434.52,2358.85,-5096.41
9.83333,-1.52832e+08,1.77274e+08,-1.18583e+08,-3553.4,4121.55,-2757
9.83333,-1.49744e+08,-1.55076e+08,-1.39388e+08,-3481.61,-3605.45,-3240.69
9.83333,1.90791e+08,1.36245e+08,1.64111e+08,4435.87,3167.7,3815.58
9.83333,-8.77194e+06,-2.45985e+07,-2.71187e+08,-203.989,-571.913,-6305.06
9.83333,1.45204e+08,1.89937e+08,1.43362e+08,3375.96,4416.04,3333.16
9.83333,-1.50316e+08,-1.18062e+08,-1.71674e+08,-3494.91,-2744.88,-3991.35
9.83333,1.32474e+08,-2.4543e+08,4.584e+06,3079.99,-5706.24,106.578
9.83333,-2.06737e+08,1.98209e+08,-9.91609e+06,-4806.7,4608.22,-230.543
9.83333,1.52425e+08,-1.58208e+08,1.79769e+08,3543.86,-3678.33,4179.62
9.83333,-4.59496e+07,-1.65465e+08,1.97734e+08,-1068.37,-3847.03,4597.29
9.83333,-2.34697e+08,-3.69353e+07,-1.29263e+08,-5456.76,-858.677,-3005.12
9.83333,2.08875e+08,1.11089e+07,-1.61035e+08,4856.33,258.282,-3744.06
9.83333,6.56343e+07,-1.80636e+08,-1.94461e+08,1525.96,-4199.77,-4521.21
9.83333,-1.9216e+08,-1.72717e+08,-1.26901e+08,-4467.77,-4015.58,-2950.39
9.83333,2.3303e+08,6.99387e+07,-1.02931e+08,5417.93,1626.07,-2393.15
9.83333,1.4728e+08,-2.22217e+08,1.02031e+08,3424.23,-5166.54,2372.22
9.83333,1.90353e+08,2.00552e+08,-1.08761e+08,4425.68,4662.84,-2528.69
9.83333,-2.12302e+08,9.53926e+07,-1.64885e+08,-4936.07,2217.81,-3833.46
9.83333,2.28249e+08,1.31265e+08,2.66291e+07,5306.76,3051.92,619.125
9.83333,1.41624e+08,2.28287e+08,-1.08731e+08,3292.74,5307.65,-2528
9.83333,-7.23197e+07,2.7985e+08,-2.82647e+07,-1681.48,6506.46,-657.15
9.83333,-2.53357e+08,1.1183e+08,138040,-5890.6,2599.72,3.20902
9.83333,-1.57181e+08,-2.26146e+08,-6.03301e+07,-3654.5,-5257.82,-1402.65
9.83333,1.144e+08,-2.26184e+08,9.87321e+07,2659.77,-5258.77,2295.52
9.83333,-2.04401e+08,-1.85743e+08,3.38555e+07,-4752.38,-4318.39,787.115
9.83333,-7.37886e+07,2.38037e+08,-1.15099e+08,-1715.63,5534.32,-2676.03
9.83333,2.34385e+08,1.29409e+08,-1.1573e+08,5449.43,3008.75,-2690.71
9.83333,-2.16338e+08,1.1434e+08,6.74708e+07,-5029.94,2658.19,1568.57
9.83333,-2.63923e+08,-7.31481e+07,-1.1015e+08,-6136.24,-1700.55,-2560.78
9.83333,1.29247e+08,2.54315e+08,-3.45885e+07,3004.96,5912.8,-804.18
9.83333,-4.45598e+06,-1.76801e+08,-1.90071e+08,-103.645,-4110.6,-4419.12
9.83333,2.71291e+08,7.91157e+07,1.19128e+07,6307.49,1839.44,276.973
9.83333,1.43348e+08,-5.81748e+07,2.35303e+08,3332.82,-1352.56,5470.78
9.83333,-1.77892e+08,4.59254e+06,-2.34446e+08,-4136.04,106.775,-5450.79
9.83333,-2.41733e+08,9.64086e+07,7.06881e+07,-5620.34,2241.26,1643.32
9.83333,2.55611e+08,2.80251e+07,-1.45798e+08,5942.93,651.583,-3389.8
9.83333,1.65616e+08,8.86781e+07,1.95223e+08,3850.55,2061.76,4538.94
9.83333,1.50576e+08,-3.16588e+07,2.17122e+08,3500.86,-736.066,5048.07
9.83333,-2.00493e+08,-1.89722e+08,-2.32821e+07,-4661.52,-4410.9,-541.293
9.83333,8.77957e+07,9.88797e+06,-2.53833e+08,2041.22,229.895,-5901.59
9.83333,-2.52347e+08,-2.66608e+07,5.14294e+07,-5867.07,-619.527,1195.08
9.83333,-1.20513e+07,-2.15688e+08,1.41573e+08,-280.237,-5014.72,3291.54
9.83333,-1.79315e+08,-1.63606e+08,-1.28163e+08,-4169.13,-3803.75,-2979.73
9.83333,2.01599e+08,8.62693e+07,1.73507e+08,4687.14,2005.76,4034.04
9.83333,2.43309e+08,-7.85118e+07,-6.23074e+06,5656.92,-1825.4,-144.865
9.83333,-1.77852e+08,1.88951e+08,6.878e+07,-4135.12,4392.99,1599.09
9.83333,1.73683e+08,1.57467e+08,1.4921e+08,4038.1,3661.09,3469.12
9.83333,-2.02752e+08,-1.94009e+06,1.95105e+08,-4714.04,-45.1051,4536.05
9.83333,-2.35484e+08,-1.03304e+08,2.51386e+07,-5475.06,-2401.48,584.39
9.83333,4.6886e+07,-1.63739e+08,-2.27137e+08,1090.06,-3806.93,-5280.92
9.83333,1.95628e+08,1.00366e+08,-1.54074e+08,4548.32,2333.51,-3582.22
9.83333,-1.89376e+08,-1.64916e+08,1.33097e+08,-4403.05,-3834.21,3094.43
9.83333,-6.54397e+07,8.89577e+07,2.65183e+08,-1521.51,2068.25,6165.46
9.83333,2.41847e+08,-3.49365e+07,-6.11049e+07,5622.91,-812.271,-1420.69
9.83333,1.36176e+08,-1.67277e+08,-1.87421e+08,3166.07,-3889.18,-4357.54
9.83333,6.47527e+07,2.68957e+08,-7.04818e+07,1505.47,6253.23,-1638.7
9.83333,-2.78572e+08,5.43125e+07,-6.62539e+07,-6476.8,1262.49,-1540.06
9.83333,2.11223e+08,1.12475e+08,-1.49993e+08,4910.9,2615.05,-3487.32
9.83333,-2.37193e+08,-2.485e+07,-1.37553e+08,-5514.79,-577.719,-3197.88
9.83333,1.16152e+08,3.57513e+07,-2.35367e+08,2700.5,831.216,-5472.28
9.83333,-2.35429e+07,-2.63517e+08,-4.19469e+07,-547.415,-6126.73,-975.259
9.83333,-1.207e+08,-1.39836e+08,2.19889e+08,-2806.32,-3251.16,5112.37
9.83333,1.94014e+08,9.37962e+07,1.53555e+08,4510.8,2180.76,3570.16
9.83333,1.17419e+08,2.1153e+08,1.52231e+08,2729.97,4918.05,3539.36
9.83333,6.85437e+07,-2.41823e+08,-2.1043e+06,1593.6,-5622.36,-48.9248
9.83333,-1.95108e+08,-1.9259e+08,1.087e+08,-4536.32,-4477.62,2527.21
9.83333,2.05589e+08,1.29758e+08,-1.07386e+08,4779.93,3016.86,-2496.71
9.83333,-2.55478e+06,-2.521e+08,-2.64046e+07,-59.4431,-5861.3,-613.903
9.83333,-2.4018e+08,1.53384e+08,5.27383e+07,-5584.22,3566.01,1226.11
9.83333,-1.33742e+08,-8.79932e+07,-2.18602e+08,-3109.55,-2045.81,-5082.43
9.83333,-1.71134e+08,-9.39535e+07,1.96596e+08,-3978.92,-2184.37,4570.76
9.83333,-1.22602e+08,1.91679e+08,1.60854e+08,-2850.55,4456.49,3739.8
9.83333,-5.94966e+06,8.4617e+07,2.66408e+08,-138.369,1967.34,6193.97
9.83333,1.22889e+08,-2.38095e+08,3.60606e+07,2857.13,-5535.69,838.408
9.83333,1.25515e+08,-2.00772e+08,1.39778e+08,2918.18,-4667.95,3249.83
9.83333,1.26122e+08,-2.21166e+08,-1.19355e+08,2932.31,-5142.1,-2774.99
9.83333,-4.13868e+06,2.43248e+08,-8.77677e+07,-96.2678,5655.49,-2040.59
9.83333,9.96778e+07,1.07711e+07,2.75663e+08,2317.48,250.429,6409.16
9.83333,8.28618e+07,-2.55182e+08,1.08387e+08,1926.5,-5932.97,2519.99
9.83333,-1.32968e+08,2.03391e+08,1.28211e+08,-3091.56,4728.79,2980.87
9.83333,-1.63314e+08,-1.75714e+08,-1.38758e+08,-3797.11,-4085.27,-3226.06
9.83333,-9.3004e+07,-1.55565e+08,-2.3157e+08,-2162.39,-3616.86,-5383.95
9.83333,-1.95916e+08,-2.08801e+08,-2.25413e+07,-4555.1,-4854.5,-524.074
9.83333,-2.85247e+08,-3.88295e+07,-1.41384e+07,-6631.92,-901.885,-328.389
9.83333,-1.00219e+08,2.65581e+08,-5.09647e+07,-2330.14,6174.71,-1184.92
9.83333,1.26841e+08,-1.53812e+08,1.67276e+08,2949.01,-3576.12,3889.15
9.83333,-2.20478e+08,-1.22567e+08,1.22587e+08,-5126.16,-2849.57,2850.03
9.83333,1.88481e+08,2.02818e+08,-6.64279e+06,4382.15,4715.51,-154.445
9.83333,-1.72545e+08,1.98433e+08,4.27038e+07,-4011.73,4613.45,992.839
9.83333,1.21852e+08,-1.69736e+08,-1.48544e+08,2833.02,-3946.36,-3453.64
9.83333,-1.66202e+08,-2.04999e+08,3.28719e+07,-3864.25,-4766.13,764.254
9.83333,6.53274e+07,-1.72914e+08,-1.91395e+08,1518.83,-4020.23,-4449.91
9.83333,1.75574e+08,-1.86596e+08,1.00255e+08,4082.08,-4338.36,2330.92
9.83333,1.02185e+08,1.77978e+08,-1.80509e+08,2375.78,4137.99,-4196.83
9.83333,-1.80508e+08,4.11971e+07,2.05432e+08,-4196.86,957.812,4776.18
9.83333,-1.50625e+08,-5.98059e+07,2.24024e+08,-3502.07,-1390.46,5208.48
9.83333,2.53234e+08,-8.46701e+07,1.604e+07,5887.67,-1968.58,372.929
9.83333,-1.01633e+08,-9.42985e+07,-2.53178e+08,-2363.01,-2192.42,-5886.34
9.83333,-2.52443e+07,7.34075e+07,2.8298e+08,-586.967,1706.72,6579.24
9.83333,-1.56697e+08,-1.30511e+08,1.7708e+08,-3643.26,-3034.32,4117.04
9.83333,1.79539e+08,-1.68529e+08,1.31829e+08,4174.25,-3918.3,3065.03
9.83333,2.57615e+08,-9.87112e+07,9.89586e+07,5989.53,-2295.03,2300.78
9.83333,-1.69145e+08,-1.06117e+08,1.76546e+08,-3932.67,-2467.16,4104.6
9.83333,2.06562e+08,-1.62049e+08,1.05841e+08,4802.54,-3767.64,2460.81
9.83333,-1.47844e+08,-1.5162e+08,-1.77972e+08,-3437.42,-3525.12,-4137.78
9.83333,2.2169e+08,1.17909e+08,1.40501e+08,5154.26,2741.39,3266.65
9.83333,2.35359e+08,1.26631e+08,9.5347e+07,5472.07,2944.17,2216.82
9.83333,-1.21484e+08,2.09429e+07,2.60994e+08,-2824.54,486.918,6068.05
9.83333,1.36133e+08,1.75206e+08,1.4046e+08,3165.06,4073.54,3265.7
9.83333,-5.3967e+07,-1.94672e+08,-1.70443e+08,-1254.78,-4526.09,-3962.76
9.83333,3.86011e+07,1.9253e+08,-1.75362e+08,897.438,4476.31,-4077.15
9.83333,2.87729e+08,-9.81801e+06,-910255,6689.67,-228.268,-21.1634
9.83333,-1.85688e+08,-1.3278e+08,1.49493e+08,-4317.31,-3087.04,3475.62
9.83333,1.68801e+08,-2.18268e+08,1.02518e+08,3924.59,-5074.73,2383.53
9.83333,-2.15574e+08,1.57774e+08,8.55696e+07,-5012.16,3668.1,1989.42
9.83333,-2.4743e+08,1.58285e+06,-1.95062e+07,-5752.59,36.6128,-451.186
9.83333,1.06294e+08,-2.48441e+08,2.03911e+07,2471.3,-5776.23,474.091
9.83333,-1.8484e+08,5.05416e+07,1.79851e+08,-4297.59,1175.06,4181.4
9.83333,-2.1246e+08,1.0951e+08,-9.94308e+07,-4939.76,2545.95,-2311.63
9.83333,-1.57333e+08,9.99536e+07,1.79699e+08,-3658.04,2323.87,4177.9
9.83333,1.04752e+08,2.63436e+08,2.2475e+07,2435.46,6124.87,522.542
9.83333,-1.91582e+07,2.39221e+08,-1.25413e+08,-445.47,5561.85,-2915.84
9.83333,-6.2726e+07,2.85013e+08,-3.99669e+07,-1458.42,6626.52,-929.225
9.83333,2.12211e+08,-1.53536e+08,-5.17242e+07,4933.88,-3569.7,-1202.59
9.83333,-1.64465e+08,1.96296e+08,-5.87305e+07,-3823.88,4563.79,-1365.45
9.83333,2.21907e+08,-1.33475e+08,-9.84323e+07,5159.31,-3103.29,-2288.55
9.83333,-9.53104e+07,-5.07375e+07,-2.24343e+08,-2216.02,-1179.63,-5215.9
9.83333,-2.10245e+08,1.85969e+08,-5.67574e+07,-4888.26,4323.65,-1319.57
9.83333,6.17525e+07,-2.7723e+08,-6.08704e+07,1435.71,-6445.57,-1415.23
9.83333,-6.11862e+07,-2.41615e+08,-6.89198e+07,-1422.63,-5617.51,-1602.37
9.83333,-2.24738e+07,3.01141e+08,9.50964e+06,-522.554,7001.5,221.098
9.83333,-2.06635e+08,1.4474e+08,6.92679e+07,-4804.34,3365.05,1610.4
9.83333,-1.66863e+08,-2.03254e+08,8.8034e+07,-3879.61,-4725.57,2046.75
9.83333,2.15661e+08,-1.65939e+08,4.22115e+06,5014.09,-3858.09,98.1415
9.83333,2.56615e+07,9.51667e+07,-2.76058e+08,596.596,2212.62,-6418.33
9.83333,-1.36712e+08,2.17743e+08,-1.04485e+08,-3178.6,5062.45,-2429.24
9.83333,-9.06474e+07,-3.12969e+07,-2.57014e+08,-2107.6,-727.647,-5975.53
9.83333,-1.22909e+08,-2.15156e+08,8.19953e+07,-2857.68,-5002.3,1906.36
9.83333,1.89608e+08,1.80409e+08,9.80256e+07,4408.36,4194.5,2279.09
9.83333,-2.39198e+08,4.38488e+07,-1.46655e+08,-5561.4,1019.43,-3409.54
9.83333,-2.21767e+08,1.34588e+08,-2.62986e+06,-5156.15,3128.92,-61.1394
9.83333,-1.29214e+07,2.74577e+08,-8.85282e+07,-300.462,6383.89,-2058.27
9.83333,2.44094e+08,5.24663e+07,-4.34958e+06,5675.17,1219.84,-101.128
9.83333,1.46481e+08,-1.79873e+08,1.73024e+08,3405.65,-4182.03,4022.8
9.83333,-2.00895e+08,3.36399e+06,-1.94365e+08,-4670.85,78.2112,-4518.85
9.83333,5.94365e+07,1.73261e+08,-1.9822e+08,1381.86,4028.32,-4608.6
9.83333,-8.23639e+07,1.55635e+08,-2.04899e+08,-1915.01,3618.48,-4763.86
9.83333,1.07205e+08,2.40603e+08,-2.98144e+07,2492.49,5594.01,-693.183
9.83333,1.98918e+08,-9.67841e+07,-1.57161e+08,4624.82,-2250.23,-3654
9.83333,2.10276e+08,1.86471e+08,2.12126e+07,4888.89,4335.44,493.193
9.83333,1.18428e+08,-2.25909e+08,-1.20654e+08,2753.43,-5252.38,-2805.2
9.83333,1.04085e+08,-2.20776e+08,-1.35846e+08,2419.95,-5133.02,-3158.42
9.83333,-1.43496e+08,1.30656e+08,-1.81016e+08,-3336.35,3037.7,-4208.55
9.83333,7.91844e+07,2.77779e+08,-7.11087e+07,1841.01,6458.34,-1653.27
9.83333,1.83849e+08,-1.84455e+08,4.24005e+07,4274.47,-4288.56,985.811
9.83333,-3.14177e+07,-2.97178e+08,-1.54152e+07,-730.5,-6909.35,-358.401
9.83333,1.04015e+08,-1.8191e+08,1.68397e+08,2418.31,-4229.4,3915.23
9.83333,-2.49952e+08,-4.51266e+07,8.518e+07,-5811.42,-1049.01,1980.09
9.83333,3.80726e+07,-2.59401e+08,-9.03244e+07,885.152,-6031.04,-2100.03
9.83333,1.79844e+08,2.07277e+08,6.51969e+07,4181.34,4819.18,1515.83
9.83333,3.77195e+07,-2.95493e+08,3.18629e+07,876.944,-6870.19,740.811
9.83333,-2.42849e+08,-1.0316e+08,5.12676e+06,-5646.28,-2398.1,119.179
9.83333,2.05265e+08,1.90929e+08,8.18315e+07,4772.39,4439.09,1902.58
9.83333,-8.39986e+07,2.135e+08,-1.27537e+08,-1953.02,4963.82,-2965.22
9.83333,-1.07728e+08,1.68665e+08,-1.79106e+08,-2504.72,3921.42,-4164.17
9.83333,1.30504e+08,1.77131e+08,-1.72678e+08,3034.19,4118.29,-4014.75
9.83333,-6.3741e+07,-1.19274e+08,-2.36713e+08,-1482.02,-2773.09,-5503.54
9.83333,1.31227e+08,1.58571e+08,-1.61508e+08,3051.01,3686.77,-3755.04
9.83333,-1.39265e+08,-1.94135e+08,-1.06272e+08,-3237.97,-4513.56,-2470.78
9.83333,1.31839e+08,6.13653e+06,-2.15151e+08,3065.22,142.675,-5002.25
9.83333,1.24732e+07,1.94369e+08,1.91265e+08,289.964,4519.06,4446.89
9.83333,1.21633e+08,2.64446e+08,2.21525e+07,2827.95,6148.36,515.044
9.83333,1.19175e+08,1.91628e+08,-1.2296e+08,2770.79,4455.35,-2858.82
9.83333,-1.78804e+08,8.48133e+07,-2.08862e+08,-4157.25,1971.87,-4855.95
9.83333,-1.51874e+08,-1.24289e+08,1.91303e+08,-3531.12,-2889.67,4447.73
9.83333,-2.2876e+07,-2.92805e+08,-4.46474e+06,-531.905,-6807.68,-103.805
9.83333,1.00816e+08,1.1885e+08,2.23402e+08,2343.93,2763.26,5194.07
9.83333,1.4038e+08,-1.75716e+08,1.34356e+08,3263.81,-4085.39,3123.76
9.83333,1.26143e+08,1.66716e+08,-1.80982e+08,2932.8,3876.13,-4207.83
9.83333,1.63552e+08,1.29055e+07,-2.33036e+08,3802.55,300.053,-5418.07
9.83333,9.00512e+06,-1.91998e+08,2.27897e+08,209.334,-4463.93,5298.59
9.83333,3.57269e+07,1.3432e+08,-2.62435e+08,830.616,3122.94,-6101.59
9.83333,-2.41137e+08,1.38218e+08,-6.11708e+07,-5606.48,3213.37,-1422.14
9.83333,-1.13693e+08,-2.13432e+08,-1.20041e+08,-2643.42,-4962.23,-2790.91
9.83333,1.32285e+08,2.15643e+08,-1.45895e+08,3075.61,5013.68,-3392.06
9.83333,1.31507e+08,-1.68644e+08,-1.67123e+08,3057.5,-3920.97,-3885.6
9.83333,4.88448e+07,1.73722e+08,-2.11163e+08,1135.6,4039.03,-4909.52
9.83333,-2.28319e+08,-6.59497e+07,-1.4692e+08,-5308.47,-1533.25,-3415.72
9.83333,-2.42222e+08,-4.42434e+07,-1.63805e+08,-5631.72,-1028.61,-3808.29
9.83333,2.5449e+08,1.13136e+08,4.30523e+07,5916.87,2630.42,1000.96
9.83333,2.44862e+08,-1.4872e+08,-6.04166e+07,5693.01,-3457.74,-1404.68
9.83333,-1.50674e+08,-1.58226e+08,1.37494e+08,-3503.24,-3678.68,3196.67
9.83333,-1.81437e+08,2.04764e+08,9.4172e+06,-4218.46,4760.64,218.945
9.83333,2.66458e+08,6.39777e+07,2.5906e+07,6195.12,1487.48,602.315
9.83333,-1.60228e+08,-2.03716e+08,-1.29682e+08,-3725.35,-4736.33,-3015.06
9.83333,-9.67207e+07,2.0937e+08,-1.28147e+08,-2248.81,4867.79,-2979.39
9.83333,1.93823e+08,-1.31398e+08,1.42555e+08,4506.37,-3054.99,3314.41
9.83333,-7.40415e+07,-1.81967e+08,-1.96844e+08,-1721.51,-4230.69,-4576.59
9.83333,-1.65279e+08,1.80052e+08,9.63604e+07,-3842.79,4186.13,2240.33
9.83333,-1.55971e+08,-1.85819e+08,-1.26859e+08,-3626.37,-4320.22,-2949.42
9.83333,1.14632e+08,-1.41653e+08,1.83289e+08,2665.16,-3293.41,4261.46
9.83333,-1.44875e+08,2.37602e+08,5.02441e+07,-3368.39,5524.17,1168.16
9.83333,2.61293e+08,1.73168e+07,1.92142e+07,6075.05,402.616,446.729
9.83333,-8.86878e+07,6.87366e+07,-2.42322e+08,-2062.04,1598.11,-5633.93
9.83333,6.77217e+07,-1.48755e+08,2.3151e+08,1574.5,-3458.53,5382.6
9.83333,1.83849e+08,-8.74568e+07,2.06324e+08,4274.45,-2033.37,4797.03
9.83333,2.74091e+08,-2.84629e+07,1.0825e+08,6372.59,-661.762,2516.81
9.83333,8.79561e+07,2.68113e+08,8.83398e+07,2044.95,6233.6,2053.9
9.83333,-1.27626e+08,-2.40539e+08,-8.18448e+07,-2967.36,-5592.46,-1902.87
9.83333,-4.63602e+07,-1.71768e+08,-1.98917e+08,-1077.92,-3993.58,-4624.8
9.83333,-1.64485e+08,-1.58167e+08,-1.05766e+08,-3824.34,-3677.28,-2458.98
9.83333,6.09546e+07,-2.64582e+08,8.02921e+07,1417.16,-6151.51,1866.79
9.83333,2.32252e+07,-2.09146e+08,-1.81687e+08,539.949,-4862.63,-4224.21
9.83333,1.5909e+08,-1.95131e+08,-2.11762e+06,3698.8,-4536.78,-49.2345
9.83333,-8.39078e+07,2.30226e+08,1.56554e+08,-1950.9,5352.72,3639.85
9.83333,1.72419e+08,-6.55807e+07,-2.0568e+08,4008.71,-1524.75,-4782.06
9.83333,-2.00181e+08,-7.69461e+06,2.02628e+08,-4654.25,-178.894,4710.97
9.83333,-2.69307e+08,2.8556e+07,-9.30933e+07,-6261.41,663.815,-2164.05
9.83333,-2.179e+08,1.67479e+07,1.21214e+08,-5066.24,389.352,2817.94
9.83333,-4.28655e+07,2.20341e+08,-1.19465e+08,-996.671,5122.88,-2777.53
9.83333,-6.32479e+07,-1.94716e+08,-1.75057e+08,-1470.56,-4527.11,-4070.04
9.83333,9.91233e+07,-1.10232e+08,-2.35236e+08,2304.58,-2562.88,-5469.22
9.83333,-2.51218e+08,-8.19292e+07,2.28952e+07,-5840.86,-1904.41,532.188
9.83333,1.72484e+08,-1.71138e+08,9.14651e+07,4010.21,-3978.96,2126.56
9.83333,-9.51879e+07,2.3453e+08,8.84451e+07,-2213.17,5452.77,2056.33
9.83333,-1.16989e+08,9.07581e+07,2.35819e+08,-2720.03,2110.1,5482.72
9.83333,-1.07409e+08,1.56216e+08,-1.73677e+08,-2497.32,3631.98,-4037.95
9.83333,1.62801e+08,2.2769e+08,-9.46569e+07,3785.09,5293.78,-2200.77
9.83333,1.30981e+08,1.60642e+08,1.85388e+08,3045.28,3734.93,4310.26
9.83333,-2.20344e+07,-4.4956e+07,-2.91865e+08,-512.337,-1045.22,-6785.84
9.83333,-1.89988e+07,1.59789e+08,2.04807e+08,-441.768,3715.07,4761.73
9.83333,1.93938e+08,-1.25327e+08,-1.54079e+08,4509.04,-2913.84,-3582.34
9.83333,-1.57673e+08,1.21623e+08,2.14117e+08,-3665.95,2827.69,4978.16
9.83333,2.40234e+08,-4.42707e+07,-9.73962e+07,5585.42,-1029.29,-2264.46
9.83333,-1.65413e+08,-1.98949e+08,9.23275e+07,-3845.92,-4625.47,2146.57
9.83333,-2.17652e+08,-3.46617e+07,-1.39034e+08,-5060.47,-805.83,-3232.33
9.83333,2.37364e+08,1.72504e+07,1.06508e+08,5518.68,401.071,2476.32
9.83333,-1.07102e+08,1.75081e+08,2.07698e+08,-2490.18,4070.61,4828.93
9.83333,-1.35724e+08,2.24643e+08,-5.54581e+06,-3155.63,5222.87,-128.938
9.83333,-1.62864e+08,-1.80808e+08,1.2473e+08,-3786.64,-4203.71,2899.91
9.83333,1.43052e+07,-9.12456e+07,2.81115e+08,332.561,-2121.45,6535.91
9.83333,-7.57068e+07,-5.70111e+07,2.42336e+08,-1760.23,-1325.49,5634.26
9.83333,1.91201e+08,-1.93595e+08,8.15743e+07,4445.4,-4501.07,1896.6
9.83333,-1.61506e+08,1.70735e+08,1.46626e+08,-3755.06,3969.53,3408.99
9.83333,1.74843e+08,1.99499e+08,7.38796e+07,4065.07,4638.35,1717.7
9.83333,-4.42677e+07,1.9506e+08,-1.73086e+08,-1029.27,4535.1,-4024.23
9.83333,-1.99632e+08,-1.7625e+08,1.26299e+08,-4641.49,-4097.72,2936.4
9.83333,-2.07244e+08,-4.12735e+07,1.59895e+08,-4818.48,-959.564,3717.39
9.83333,-2.11109e+08,1.97072e+08,5.14424e+07,-4908.34,4581.79,1196.01
9.83333,-4.65523e+06,2.70098e+08,2.11649e+07,-108.275,6279.76,492.081
9.83333,1.63729e+08,2.04144e+08,-7.33981e+07,3806.68,4746.34,-1706.5
9.83333,-1.77164e+08,1.47592e+08,1.42048e+08,-4119.13,3431.44,3302.53
9.83333,2.08474e+08,6.77747e+06,-1.99774e+08,4846.99,157.577,-4644.75
9.83333,-6.98395e+07,1.24461e+08,-2.30323e+08,-1623.82,2893.7,-5354.96
9.83333,1.75916e+08,-1.97592e+08,-1.08958e+08,4090.01,-4594.01,-2533.27
9.83333,2.05941e+08,-6.54259e+07,1.69522e+08,4788.1,-1521.15,3941.38
9.83333,2.01894e+08,2.00573e+08,-5.28319e+07,4694.01,4663.31,-1228.34
9.83333,-2.69999e+08,5.87572e+07,6.20626e+07,-6277.48,1365.8,1442.63
9.83333,-5.89814e+07,1.68362e+07,2.86408e+08,-1371.36,391.439,6658.94
9.83333,7.39326e+07,-8.48339e+07,2.34282e+08,1718.9,-1972.38,5447.04
9.83333,-9.53711e+07,-1.23817e+08,2.34647e+08,-2217.42,-2878.72,5455.5
9.83333,-7.06765e+07,1.84947e+08,-1.94826e+08,-1643.27,4299.99,-4529.67
9.83333,-1.29925e+08,-1.68078e+08,-1.77016e+08,-3020.81,-3907.77,-4115.58
9.83333,-1.43229e+08,2.32195e+08,-4.5005e+07,-3330.13,5398.45,-1046.35
9.83333,-2.06225e+08,1.64628e+08,9.7633e+07,-4794.79,3827.48,2269.9
9.83333,-5.65069e+07,-2.30627e+08,1.51115e+08,-1313.83,-5362.04,3513.41
9.83333,2.02737e+08,8.6307e+07,1.35179e+08,4713.61,2006.63,3142.92
9.83333,2.28402e+07,-2.55738e+08,9.10347e+07,530.997,-5945.89,2116.55
9.83333,1.41537e+08,1.67299e+08,-1.57952e+08,3290.71,3889.7,-3672.38
9.83333,-2.65555e+08,7.03527e+07,-1.20294e+08,-6174.18,1635.58,-2796.63
9.83333,1.26612e+08,1.65074e+08,1.93329e+08,2943.71,3837.97,4494.88
9.83333,7.10214e+07,1.21834e+08,-2.4234e+08,1651.21,2832.64,-5634.4
9.83333,-4.53362e+07,-2.20883e+08,-1.13601e+08,-1054.12,-5135.5,-2641.2
9.83333,1.58259e+08,1.77722e+08,-1.58221e+08,3679.5,4132.04,-3678.62
9.83333,-1.76582e+08,-1.47044e+08,9.49218e+07,-4105.59,-3418.66,2206.85
9.83333,-2.03513e+08,-1.52692e+08,-1.01915e+08,-4731.74,-3549.96,-2369.44
9.83333,-1.49785e+08,1.51419e+07,2.2245e+08,-3482.56,352.044,5171.88
9.83333,6.59843e+07,-1.59959e+08,2.33226e+08,1534.1,-3719.03,5422.49
9.83333,1.77528e+08,-2.06907e+08,1.79294e+07,4127.51,-4810.57,416.858
9.83333,5.91976e+07,2.10071e+07,-2.65683e+08,1376.31,488.415,-6177.11
9.83333,2.33919e+08,9.72468e+07,-9.89891e+06,5438.58,2260.99,-230.149
9.83333,-1.39323e+08,-1.75811e+08,1.52642e+08,-3239.31,-4087.56,3548.88
9.83333,7.68609e+07,-2.20689e+08,-1.33004e+08,1786.98,-5130.99,-3092.33
9.83333,1.74015e+08,-1.3154e+08,-1.44402e+08,4045.82,-3058.3,-3357.35
9.83333,1.25583e+08,-2.20477e+08,-5.97443e+07,2919.78,-5126.07,-1389.05
9.83333,-1.55968e+07,2.45096e+08,1.26676e+08,-362.666,5698.45,2945.21
9.83333,-1.59914e+08,-1.68243e+08,1.57495e+08,-3718.05,-3911.58,3661.69
9.83333,1.43872e+08,-1.7927e+08,1.24881e+08,3345,-4168.02,2903.47
9.83333,1.56456e+08,-2.13072e+08,-7.25787e+07,3637.57,-4953.92,-1687.45
9.83333,2.42431e+08,-1.62814e+08,-1.4182e+07,5636.49,-3785.42,-329.731
9.83333,1.68499e+07,-1.76986e+08,2.32782e+08,391.724,-4114.91,5412.16
9.83333,1.3331e+08,-1.44821e+08,-1.93198e+08,3099.43,-3367.08,-4491.84
9.83333,-1.85434e+08,1.0696e+07,-1.89758e+08,-4311.41,248.676,-4411.73
9.83333,1.23234e+08,-2.16284e+07,-2.30049e+08,2865.15,-502.859,-5348.64
9.83333,-1.08677e+07,-2.81299e+08,8.47613e+06,-252.713,-6540.17,197.069
9.83333,-1.59019e+08,-2.28201e+08,7.21489e+07,-3697.23,-5305.58,1677.44
9.83333,-2.53216e+08,1.12785e+06,-1.39918e+07,-5887.05,25.9672,-322.132
9.83333,5.61852e+07,-1.4844e+08,-2.063e+08,1306.27,-3451.21,-4796.46
9.83333,2.10949e+08,-1.24361e+08,7.03601e+07,4904.54,-2891.39,1635.87
9.83333,-2.43774e+08,-6.02826e+07,-1.22178e+08,-5667.79,-1401.46,-2840.42
9.83333,1.71124e+08,-1.72756e+08,4.64022e+07,3978.6,-4016.57,1078.85
9.83333,2.1139e+08,-5.56504e+07,-1.36712e+08,4914.78,-1293.87,-3178.55
9.83333,-1.62542e+08,-1.98136e+08,1.07703e+08,-3779.15,-4606.58,2504.05
9.83333,1.98154e+08,1.4539e+08,1.04545e+08,4607.05,3380.31,2430.66
9.83333,-1.92797e+08,9.39471e+07,-1.61898e+08,-4482.59,2184.2,-3764.02
9.83333,9.23862e+07,-2.20156e+08,-1.38989e+08,2147.95,-5118.61,-3231.47
9.83333,2.14361e+08,-2.94509e+07,1.75616e+08,4983.87,-684.731,4083.06
9.83333,-1.86646e+07,-3.42183e+07,-2.5225e+08,-433.997,-795.57,-5864.78
9.83333,-2.08882e+07,-2.4235e+08,7.69619e+07,-485.696,-5634.61,1789.35
9.83333,-2.25571e+08,-8.34079e+06,-1.87443e+08,-5244.58,-193.916,-4357.91
9.83333,6.4602e+07,-4.34781e+07,2.65724e+08,1501.96,-1010.86,6178.07
9.83333,1.40842e+08,-5.75585e+07,-2.02802e+08,3274.54,-1338.23,-4715.13
9.83333,-2.05179e+08,3.18037e+07,2.07686e+08,-4770.46,739.419,4828.59
9.83333,-1.50951e+08,-7.48468e+07,2.11081e+08,-3509.66,-1740.16,4907.56
9.83333,2.37842e+08,1.34946e+08,-6.11929e+07,5529.79,3137.49,-1422.73
9.83333,-2.47341e+08,-2.84001e+07,1.04295e+08,-5750.71,-660.212,2424.54
9.83333,-1.6957e+08,-2.08783e+08,-1.8508e+07,-3942.55,-4854.1,-430.302
9.83333,-5.38809e+07,-1.81444e+08,2.16597e+08,-1252.77,-4218.55,5035.86
9.83333,1.00298e+08,-1.71292e+08,-1.74268e+08,2331.89,-3982.53,-4051.71
9.83333,1.37393e+08,5.9147e+07,-2.39932e+08,3194.35,1375.17,-5578.41
9.83333,-2.16408e+08,9.50886e+06,-1.47156e+08,-5031.55,221.068,-3421.16
9.83333,-1.35063e+08,1.81241e+08,1.60626e+08,-3140.26,4213.81,3734.51
9.83333,8.3188e+07,-2.5502e+08,9.66956e+07,1934.09,-5929.2,2248.17
9.83333,1.74957e+08,-6.76819e+07,1.65627e+08,4067.72,-1573.6,3850.82
9.83333,-2.04964e+08,1.91999e+08,6.19432e+07,-4765.46,4463.85,1440.14
9.83333,-1.31211e+08,1.69705e+08,1.4823e+08,-3050.72,3945.59,3446.29
9.83333,8.43189e+07,-1.75706e+08,-1.72596e+08,1960.38,-4085.14,-4012.85
9.83333,2.40659e+08,-1.52076e+08,2.45447e+07,5595.31,-3535.77,570.663
9.83333,1.54187e+08,-2.03709e+08,9.79254e+07,3584.81,-4736.22,2276.76
9.83333,1.38309e+08,1.50959e+08,1.8809e+08,3215.66,3509.79,4373.08
9.83333,-1.70434e+08,-1.37565e+08,-1.74251e+08,-3962.65,-3198.32,-4051.25
9.83333,2.27533e+08,3.39274e+07,-1.62193e+08,5290.12,788.811,-3770.98
9.83333,2.67511e+08,2.82295e+07,1.2256e+08,6219.62,656.336,2849.52
9.83333,-2.46144e+08,-8.39563e+07,8.16445e+07,-5722.89,-1951.77,1898.02
9.83333,1.29536e+08,-1.91005e+08,-1.31027e+08,3011.69,-4440.86,-3046.36
9.83333,-1.79565e+08,-2.16716e+08,-5.52898e+07,-4174.94,-5038.55,-1285.46
9.83333,-1.59882e+08,-1.19777e+08,1.80552e+08,-3717.31,-2784.77,4197.75
9.83333,-1.55598e+07,-1.71877e+08,-2.1152e+08,-361.807,-3996.11,-4917.82
9.83333,2.5824e+07,-1.98586e+08,1.61101e+08,600.367,-4617.11,3745.58
9.83333,1.9397e+08,1.07381e+08,1.80272e+08,4509.77,2496.6,4191.33
9.83333,1.39794e+08,1.62516e+08,-1.47776e+08,3250.17,3778.5,-3435.78
9.83333,2.26868e+08,-5.77261e+07,1.54896e+08,5274.66,-1342.13,3601.34
9.83333,2.10419e+08,-1.68302e+08,1.1346e+08,4892.23,-3913.01,2637.93
9.83333,-1.58523e+08,1.21664e+08,2.00178e+08,-3685.72,2828.65,4654.05
9.83333,2.00908e+08,-5.23334e+07,-1.90094e+08,4671.09,-1216.75,-4419.69
9.83333,8.48089e+07,-2.42652e+08,4.15992e+07,1971.77,-5641.63,967.178
9.83333,-5.06186e+07,-2.5542e+08,-4.20065e+07,-1176.93,-5938.46,-976.645
9.83333,1.79218e+08,1.88781e+08,-3.31835e+07,4166.79,4389.15,-771.516
9.83333,-1.87924e+08,1.56802e+08,-1.16134e+08,-4369.3,3645.55,-2700.04
9.83333,1.01763e+08,-1.43111e+08,2.09771e+08,2365.95,-3327.31,4877.15
9.83333,2.45074e+08,-6.33202e+07,6.46339e+06,5697.94,-1472.19,150.274
9.83333,1.77053e+07,4.75518e+07,2.73672e+08,411.611,1105.58,6362.85
9.83333,2.69513e+08,-2.07502e+06,-9.30183e+07,6266.16,-48.2434,-2162.67
9.83333,-1.77292e+08,-2.89245e+07,2.29761e+08,-4122.08,-672.482,5341.86
9.83333,-1.77059e+08,-1.66667e+08,-1.34463e+08,-4116.68,-3874.92,-3126.19
9.83333,-1.70067e+08,-2.04824e+08,-4.48186e+07,-3954.13,-4762.05,-1042.01
9.83333,-1.27578e+08,-1.58897e+08,-1.74123e+08,-2966.25,-3694.31,-4048.3
9.83333,1.84842e+08,-1.45724e+08,-1.16495e+08,4297.55,-3388.07,-2708.5
9.83333,-1.9029e+08,2.09093e+08,6.1807e+07,-4424.28,4861.3,1436.98
9.83333,-2.10643e+08,-1.54049e+08,1.29005e+08,-4897.5,-3581.54,2999.28
9.83333,-2.28183e+08,-1.76392e+08,3.22711e+07,-5305.31,-4100.96,750.274
9.83333,-1.24024e+08,-7.69264e+07,2.33741e+08,-2883.6,-1788.52,5434.41
9.83333,-9.38852e+06,2.70448e+08,1.88222e+07,-218.324,6287.89,437.613
9.83333,-2.22115e+08,-7.16791e+07,-1.53781e+08,-5164.22,-1666.47,-3575.26
9.83333,-5.36543e+07,2.83748e+08,-4.50114e+07,-1247.5,6597.11,-1046.51
9.83333,1.98247e+08,2.82133e+07,-1.98272e+08,4609.21,655.959,-4609.81
9.83333,1.68188e+08,-2.02648e+08,-1.19852e+08,3910.35,-4711.56,-2786.55
9.83333,-2.88118e+08,4.85331e+07,-5.76293e+07,-6698.74,1128.07,-1339.5
9.83333,1.14399e+08,1.16672e+08,-2.01378e+08,2659.73,2712.61,-4682.03
9.83333,2.17109e+08,-1.8522e+08,-9.48181e+06,5047.76,-4306.35,-220.452
9.83333,7.55386e+07,-2.62853e+08,-6.06917e+07,1756.24,-6111.33,-1411.08
9.83333,2.24335e+08,-8.5019e+07,-9.68298e+07,5215.77,-1976.69,-2251.29
9.83333,-6.69698e+07,-2.66919e+08,-8.84234e+07,-1557.09,-6205.83,-2055.83
9.83333,4.79512e+07,-1.41322e+08,-2.51182e+08,1114.83,-3285.72,-5839.96
9.83333,-1.43603e+08,1.06279e+08,2.09009e+08,-3338.82,2470.94,4859.39
9.83333,4.70715e+06,-6.04061e+07,2.44842e+08,109.397,-1404.43,5692.56
9.83333,-2.33789e+08,8.84516e+07,-1.3967e+08,-5435.65,2056.4,-3247.17
9.83333,1.19622e+06,6.41399e+07,-2.59764e+08,27.7709,1491.24,-6039.48
9.83333,-2.6239e+08,-7.89167e+07,-8.25854e+07,-6100.61,-1834.6,-1919.88
9.83333,1.81931e+08,1.98777e+08,-8.48965e+07,4229.86,4621.57,-1973.84
9.83333,-1.22866e+08,-2.41353e+08,2.10996e+07,-2856.69,-5611.4,490.561
9.83333,-4.15965e+07,1.61256e+08,2.07346e+08,-967.164,3749.18,4820.76
9.83333,2.14352e+07,2.61794e+07,-2.71855e+08,498.331,608.669,-6320.61
9.83333,2.14226e+08,-1.37339e+07,-1.98191e+08,4980.74,-319.312,-4607.93
9.83333,6.6683e+07,2.03724e+08,1.7056e+08,1550.35,4736.58,3965.52
9.83333,-1.65281e+08,-2.15544e+08,1.76239e+07,-3842.84,-5011.29,409.746
9.83333,5.30256e+07,1.29896e+08,-2.45082e+08,1232.81,3020.07,-5698.14
9.83333,-1.7662e+08,1.23285e+08,1.48003e+08,-4106.47,2866.3,3440.97
9.83333,-1.62609e+08,1.61241e+07,-2.16779e+08,-3780.72,374.878,-5040.01
9.83333,-2.0609e+08,1.25933e+08,1.31573e+08,-4791.65,2927.85,3058.97
9.83333,-1.75386e+08,1.64689e+08,-1.06144e+08,-4077.78,3828.91,-2467.79
9.83333,2.15429e+08,-7.10475e+07,1.6332e+08,5008.71,-1651.85,3797.17
9.83333,1.83979e+08,1.99389e+08,3.12663e+07,4277.48,4635.79,726.94
9.83333,-2.07652e+08,5.62227e+07,1.65806e+08,-4827.97,1307.13,3854.83
9.83333,-3.87892e+07,-2.84322e+08,-7.95912e+07,-901.888,-6610.44,-1850.49
9.83333,1.87237e+08,1.19131e+08,-1.8228e+08,4353.23,2769.79,-4238.01
9.83333,-2.64905e+07,2.34308e+08,-1.25916e+08,-615.947,5447.64,-2927.53
9.83333,2.01775e+08,1.53001e+08,2.34418e+07,4691.25,3557.27,545.02
9.83333,1.06445e+08,3.59651e+07,2.70256e+08,2474.82,836.188,6283.44
9.83333,2.30575e+08,1.0637e+08,-6.67448e+07,5360.84,2473.09,-1551.81
9.83333,-2.67123e+08,1.02453e+08,5.26543e+07,-6210.63,2381.75,1224.07
9.83333,-2.2681e+08,-8.44442e+07,-1.19536e+08,-5273.4,-1963.2,-2779.04
9.83333,1.57788e+08,1.82342e+08,8.41656e+07,3668.55,4239.45,1956.85
9.83333,1.57359e+08,-9.79071e+07,-2.07103e+08,3658.57,-2276.34,-4815.13
9.83333,1.2945e+08,-2.51585e+08,7.36858e+07,3009.69,-5849.34,1713.19
9.83333,1.60802e+08,8.71303e+07,1.96101e+08,3738.61,2025.78,4559.34
9.83333,-1.50378e+08,-1.68517e+08,1.51355e+08,-3496.34,-3917.96,3518.95
9.83333,6.09292e+07,-2.26883e+08,1.6269e+08,1416.57,-5275.01,3782.54
9.83333,2.46677e+08,1.23295e+08,-6.19919e+07,5735.22,2866.61,-1441.31
9.83333,-3.64208e+07,-1.39011e+08,2.45024e+08,-846.824,-3231.98,5696.77
9.83333,-4.99153e+07,-2.05547e+08,1.87944e+08,-1160.57,-4778.94,4369.68
9.83333,-1.16414e+08,-3.76274e+07,2.6763e+08,-2706.67,-874.828,6222.34
9.83333,-2.06427e+08,1.08903e+08,1.36486e+08,-4799.48,2531.9,3173.17
9.83333,-9.51718e+07,-2.27327e+08,8.29018e+07,-2212.8,-5285.29,1927.45
9.83333,3.74805e+07,2.91831e+07,2.82731e+08,871.387,678.506,6573.47
9.83333,1.52364e+08,5.55175e+07,2.14071e+08,3542.44,1290.78,4977.14
9.83333,-2.61209e+08,-6.81574e+07,-1.07645e+08,-6073.15,-1584.51,-2502.51
9.83333,-1.31665e+08,-2.38963e+08,-2.21311e+07,-3061.26,-5555.81,-514.542
9.83333,-1.81777e+08,-1.8142e+08,9.03708e+07,-4226.37,-4217.91,2101.07
9.83333,2.22984e+08,-1.00115e+08,-9.32671e+07,5184.36,-2327.68,-2168.46
9.83333,-2.69838e+08,-5.63159e+07,-8.48128e+07,-6273.77,-1309.14,-1971.6
9.83333,1.19843e+08,6.99604e+07,2.54122e+08,2786.33,1626.58,5908.31
9.83333,-2.17967e+08,1.83234e+08,3.1825e+07,-5067.79,4260.04,739.906
9.83333,-4.8597e+07,-4.64793e+07,-2.73665e+08,-1129.92,-1080.64,-6362.68
9.83333,1.65358e+08,-9.66427e+07,1.98551e+08,3844.55,-2246.94,4616.3
9.83333,-1.86736e+08,-8.66926e+07,1.65985e+08,-4341.68,-2015.54,3859.04
9.83333,2.29736e+07,-2.59544e+08,-1.01061e+08,534.099,-6034.38,-2349.65
9.83333,-1.02141e+08,-9.10042e+07,2.41178e+08,-2374.82,-2115.83,5607.33
9.83333,1.82233e+08,1.75384e+08,-1.32206e+08,4236.9,4077.67,-3073.79
9.83333,-7.22789e+07,-1.63889e+08,-1.96924e+08,-1680.53,-3810.39,-4578.45
9.83333,-1.02121e+08,-2.61388e+08,-3.37335e+07,-2374.37,-6077.21,-784.297
9.83333,2.0464e+08,-1.02452e+08,-1.22296e+08,4757.86,-2382,-2843.38
9.83333,-1.66112e+08,2.06069e+08,6.46489e+07,-3862.16,4791,1503.06
9.83333,-5.40816e+07,-1.35105e+08,-2.39108e+08,-1257.44,-3141.17,-5559.23
9.83333,-4.1008e+07,1.88534e+08,-2.30584e+08,-953.474,4383.4,-5361.04
9.83333,1.54255e+08,-2.14128e+08,-1.18764e+08,3586.41,-4978.46,-2761.26
9.83333,-1.19871e+08,1.66533e+08,-1.94566e+08,-2787.05,3871.84,-4523.61
9.83333,2.09366e+08,-1.59669e+08,1.69075e+07,4867.73,-3712.31,393.098
9.83333,2.56164e+08,-4.45477e+07,1.29755e+08,5955.79,-1035.73,3016.8
9.83333,1.00267e+08,1.31512e+08,2.15872e+08,2331.19,3057.64,5019
9.83333,-1.07714e+08,1.24502e+08,2.08132e+08,-2504.4,2894.64,4839.02
9.83333,1.39079e+08,2.3548e+08,-1.07224e+08,3233.57,5474.91,-2492.96
9.83333,-2.53073e+08,1.47479e+08,6.14134e+06,-5883.98,3428.68,142.777
9.83333,1.88649e+08,-1.60854e+08,1.24636e+08,4386.07,-3739.85,2897.77
9.83333,-6.15408e+07,-9.39598e+07,2.29105e+08,-1430.87,-2184.55,5326.64
9.83333,-9.38761e+07,-2.48679e+08,9.4164e+07,-2182.67,-5781.73,2189.29
9.83333,1.84979e+07,2.99368e+08,1.76037e+07,430.042,6960.27,409.285
9.83333,-8.82164e+07,-2.10555e+08,1.38303e+08,-2051.08,-4895.36,3215.51
9.83333,1.22639e+08,-1.0908e+08,-2.11774e+08,2851.33,-2536.1,-4923.73
9.83333,-1.64672e+08,-2.03981e+08,2.8794e+07,-3828.69,-4742.45,669.446
9.83333,2.29148e+08,1.16998e+08,-6.59669e+07,5327.67,2720.21,-1533.73
9.83333,2.43219e+08,1.02972e+08,-8.7695e+07,5654.82,2394.1,-2038.91
9.83333,-2.33989e+08,-1.41027e+08,8.53812e+07,-5440.3,-3278.71,1985.02
9.83333,5.52497e+07,-1.42206e+08,-2.51832e+08,1284.52,-3306.28,-5855.09
9.83333,-2.18337e+08,3.93152e+07,-1.73622e+08,-5076.39,914.044,-4036.55
9.83333,-1.89973e+08,-1.11887e+07,-1.66506e+08,-4416.94,-260.125,-3871.11
9.83333,2.06939e+08,-4.85012e+07,-1.81418e+08,4811.3,-1127.65,-4217.96
9.83333,2.59011e+08,1.59352e+07,1.43758e+08,6021.99,370.494,3342.36
9.83333,2.16156e+08,1.21756e+08,2.29633e+07,5025.61,2830.83,533.895
9.83333,-2.73624e+08,-3.92913e+07,-5.97316e+06,-6361.68,-912.499,-138.72
9.83333,1.39596e+08,2.16298e+08,8.18065e+07,3245.57,5028.92,1902
9.83333,2.39276e+08,-3.19782e+07,1.1143e+08,5563.14,-743.492,2590.74
9.83333,7.90717e+07,1.45299e+08,-2.35664e+08,1838.38,3378.19,-5479.17
9.83333,1.88682e+08,1.23908e+08,-1.71166e+08,4386.84,2880.85,-3979.61
9.83333,9.03343e+07,-1.74817e+08,-2.10732e+08,2100.24,-4064.47,-4899.5
9.83333,1.11861e+08,2.4734e+08,-9.91809e+07,2600.74,5750.64,-2305.95
9.83333,-1.26105e+08,-1.60479e+08,1.97762e+08,-2931.98,-3731.09,4597.92
9.83333,-1.02639e+08,-2.10826e+08,-1.73096e+08,-2386.4,-4901.66,-4024.44
9.83333,2.01969e+08,6.69756e+07,1.58308e+08,4695.75,1557.18,3680.66
9.83333,-1.17258e+07,1.55879e+08,-2.32427e+08,-272.665,3624.16,-5403.89
9.83333,7.51292e+07,-8.73895e+07,-2.69652e+08,1746.72,-2031.8,-6269.39
9.83333,4.70348e+07,1.59451e+08,2.34818e+08,1093.52,3707.23,5459.5
9.83333,-1.57265e+08,-2.13843e+08,-8.15788e+07,-3656.47,-4971.77,-1896.67
9.83333,-5.64e+07,-2.37669e+08,-1.08288e+08,-1311.35,-5525.77,-2517.69
9.83333,-1.08484e+08,3.89873e+07,2.50236e+08,-2522.3,906.446,5817.92
9.83333,-6.63408e+07,1.94882e+08,1.72684e+08,-1542.47,4530.98,4014.88
9.83333,9.24561e+07,-1.69125e+08,-1.71869e+08,2149.57,-3932.15,-3995.95
9.83333,-7.95075e+07,1.37662e+08,2.42503e+08,-1848.59,3200.62,5638.15
9.83333,9.18032e+06,2.243e+08,1.55572e+08,213.403,5214.96,3617.03
9.83333,2.67572e+08,-4.25736e+07,-8.33154e+07,6221.03,-989.835,-1937.08
9.83333,-1.73407e+08,-8.9265e+07,2.03454e+08,-4031.76,-2075.37,4730.22
9.83333,-2.26939e+08,1.88835e+08,9.5248e+06,-5276.38,4390.27,221.444
9.83333,-2.03826e+08,8.14326e+07,1.76587e+08,-4739.01,1893.25,4105.52
9.83333,2.41826e+08,1.51545e+08,2.32486e+06,5622.43,3523.42,54.053
9.83333,-2.66791e+08,-9.22369e+07,-2.62821e+07,-6202.91,-2144.13,-610.952
9.83333,1.82318e+08,1.70885e+08,3.14776e+07,4238.87,3973.07,731.853
9.83333,1.91237e+08,-2.00448e+08,1.233e+06,4446.24,-4660.4,28.6672
9.83333,1.25884e+08,-2.5572e+08,-4.02792e+07,2926.78,-5945.48,-936.488
9.83333,1.73764e+08,1.66007e+08,1.12368e+08,4039.97,3859.66,2612.56
9.83333,-137573,-2.58026e+08,1.30882e+08,-3.2359,-5999.07,3043
9.83333,2.34889e+08,1.39726e+08,5.16019e+06,5461.15,3248.63,119.974
9.83333,2.5844e+08,-4.23284e+07,-7.38307e+07,6008.7,-984.133,-1716.56
9.83333,1.20993e+08,2.61024e+08,-2.4168e+07,2813.06,6068.81,-561.905
9.83333,-1.48673e+08,1.96776e+08,1.29912e+08,-3456.7,4574.98,3020.4
9.83333,1.32757e+08,-1.7403e+08,1.62244e+08,3086.56,-4046.19,3772.16
9.83333,-1.10431e+08,1.85397e+08,-1.52075e+08,-2567.57,4310.43,-3535.7
9.83333,-1.48068e+08,-1.8636e+08,-1.30873e+08,-3442.63,-4332.79,-3042.74
9.83333,-1.93049e+08,3.13251e+07,-2.05448e+08,-4488.44,728.293,-4776.55
9.83333,-1.14178e+08,-1.7801e+08,-1.94752e+08,-2654.68,-4138.7,-4527.95
9.83333,-1.87741e+08,1.59154e+08,-1.36481e+08,-4365.03,3700.25,-3173.12
9.83333,6.05526e+06,-2.40233e+08,-1.42787e+08,140.746,-5585.39,-3319.79
9.83333,-1.83667e+08,1.26597e+08,1.6211e+08,-4270.31,2943.32,3768.98
9.83333,2.59238e+08,6.80114e+07,1.15847e+08,6027.25,1581.26,2693.45
9.83333,7.707e+07,-2.43042e+08,1.36389e+08,1791.84,-5650.72,3171.04
9.83333,1.40556e+07,3.7427e+07,2.50046e+08,326.749,870.173,5813.54
9.83333,-2.29261e+08,-1.66556e+08,4.06184e+07,-5330.38,-3872.25,944.338
9.83333,1.78564e+08,2.01184e+08,4.38364e+07,4151.59,4677.52,1019.19
9.83333,-8.78471e+07,-1.83918e+08,-1.80883e+08,-2042.49,-4276.06,-4205.5
9.83333,-1.0958e+08,-1.71746e+08,-1.73182e+08,-2547.79,-3993.04,-4026.44
9.83333,1.3351e+08,-1.36756e+08,2.11652e+08,3104.07,-3179.57,4920.89
9.83333,2.17533e+08,1.39734e+08,1.09519e+08,5057.61,3248.82,2546.31
9.83333,-1.1182e+07,-2.57746e+08,-6.78009e+07,-260.023,-5992.56,-1576.36
9.83333,1.73209e+08,1.65552e+07,1.97586e+08,4027.08,384.908,4593.87
9.83333,1.53081e+08,2.01205e+08,4.93968e+07,3559.11,4678.01,1148.47
9.83333,-1.89889e+08,1.08896e+08,1.7547e+08,-4414.97,2531.78,4079.57
9.83333,-1.74876e+08,8.07218e+07,-2.08052e+08,-4065.92,1876.75,-4837.13
9.83333,4.50433e+07,-1.68392e+08,-2.12992e+08,1047.22,-3915.1,-4952.04
9.83333,1.7718e+08,1.95019e+08,2.23082e+07,4119.4,4534.18,518.664
9.83333,2.63149e+08,4.58055e+07,-8.40932e+07,6118.19,1064.98,-1955.17
9.83333,-1.36444e+08,-2.15056e+08,9.79486e+07,-3172.37,-4999.98,2277.27
9.83333,6.82642e+07,-2.1654e+08,1.28165e+08,1587.11,-5034.54,2979.82
9.83333,1.15737e+08,1.04011e+08,2.18564e+08,2690.86,2418.25,5081.59
9.83333,1.62105e+08,8.12881e+06,-2.1567e+08,3768.91,188.995,-5014.32
9.83333,-1.87394e+08,-5.44912e+07,-1.78231e+08,-4356.97,-1266.88,-4143.74
9.83333,9.67303e+06,-2.32193e+08,-1.60501e+08,224.86,-5398.46,-3731.64
9.83333,-1.9242e+08,-6.5532e+07,1.76431e+08,-4473.82,-1523.57,4101.91
9.83333,-6.15926e+07,-1.63277e+08,-1.96561e+08,-1432.08,-3796.17,-4570
9.83333,-1.52964e+08,2.27015e+08,-3.54261e+07,-3556.47,5278.02,-823.643
9.83333,-1.49392e+07,2.44942e+08,1.57138e+08,-347.374,5694.87,3653.43
9.83333,-2.14382e+08,1.77912e+08,-6.27878e+07,-4984.44,4136.31,-1459.77
9.83333,1.38757e+08,-1.71175e+08,1.72686e+08,3226.07,-3979.81,4014.95
9.83333,1.03643e+08,-1.5181e+08,2.11287e+08,2409.68,-3529.58,4912.42
9.83333,-1.66959e+08,2.03948e+08,-6.35648e+07,-3881.85,4741.7,-1477.85
9.83333,9.87e+07,2.51761e+08,3.91152e+07,2294.74,5853.42,909.425
9.83333,8.42664e+07,-2.20966e+08,1.61399e+08,1959.16,-5137.44,3752.52
9.83333,2.28828e+07,-1.83248e+08,-2.30468e+08,531.989,-4260.51,-5358.35
9.83333,-7.10297e+07,1.76385e+08,1.86233e+08,-1651.49,4100.92,4329.88
9.83333,-1.49716e+08,1.49133e+08,-1.59176e+08,-3480.95,3467.28,-3700.78
9.83333,1.86775e+08,-2.01063e+08,6.80622e+06,4342.48,-4674.72,158.244
9.83333,1.79169e+08,-1.89981e+08,-4.38456e+07,4165.66,-4417.05,-1019.41
9.83333,-1.60732e+07,-2.72966e+08,2.74078e+07,-373.744,-6346.42,637.227
9.83333,3.23099e+07,5.29842e+07,2.74336e+08,751.169,1231.88,6378.3
9.83333,1.58516e+08,1.77212e+08,1.38087e+08,3685.48,4120.17,3210.52
9.83333,-1.81922e+08,-1.46873e+08,1.08367e+08,-4229.75,-3414.68,2519.45
9.83333,1.35121e+08,2.50373e+08,5.47316e+07,3141.54,5821.17,1272.51
9.83333,-1.9588e+08,-1.78345e+08,6.55221e+07,-4554.26,-4146.4,1523.34
9.83333,-1.75148e+08,-9.28354e+07,-1.76027e+08,-4072.25,-2158.37,-4092.53
9.83333,-7.28649e+07,-179689,-2.89415e+08,-1694.15,-4.17705,-6728.85
9.83333,3.26095e+07,1.77856e+08,2.10431e+08,758.133,4135.14,4892.49
9.83333,1.4525e+08,2.1608e+08,-9.3799e+07,3377.04,5023.86,-2180.82
9.83333,1.55877e+08,-2.12361e+08,9.17327e+07,3624.12,-4937.37,2132.78
9.83333,2.57066e+08,2.94046e+07,-8.17527e+07,5976.75,683.657,-1900.75
9.83333,9.69141e+07,1.36626e+08,-2.33878e+08,2253.22,3176.54,-5437.65
9.83333,-1.24976e+08,1.38161e+08,1.79005e+08,-2905.75,3212.2,4161.79
9.83333,-1.55031e+08,-4.90586e+06,-2.20564e+08,-3604.52,-114.058,-5128.03
9.83333,7.60787e+06,1.03831e+08,-2.66901e+08,176.846,2414.06,-6205.41
9.83333,-5.44491e+07,-1.49811e+08,2.42439e+08,-1265.98,-3483.09,5636.67
9.83333,1.88314e+08,-1.88653e+08,6.99229e+07,4378.28,-4386.19,1625.7
9.83333,-1.90581e+08,8.9857e+07,1.55845e+08,-4431.06,2089.1,3623.26
9.83333,7.97985e+07,1.89355e+08,1.56989e+08,1855.28,4402.48,3649.97
9.83333,-1.5329e+08,-2.22694e+08,3.91037e+07,-3564.06,-5177.56,909.145
9.83333,5.79416e+07,5.0308e+07,2.63381e+08,1347.11,1169.66,6123.58
9.83333,1.96465e+08,7.33758e+07,1.55998e+08,4567.78,1705.99,3626.94
9.83333,-2.25518e+07,-1.92396e+08,-1.80445e+08,-524.373,-4473.18,-4195.33
9.83333,-2.62235e+08,2.03023e+07,8.95964e+07,-6096.99,471.938,2082.71
9.83333,2.52002e+08,5.48094e+07,-6.44567e+07,5859.02,1274.32,-1498.62
9.83333,1.67447e+08,7.81021e+07,1.87103e+08,3893.11,1815.87,4350.14
9.83333,-2.48853e+08,-5.85307e+06,1.2767e+08,-5785.88,-136.071,2968.06
9.83333,-6.23312e+07,-2.52563e+08,-5.18821e+07,-1449.25,-5872.05,-1206.25
9.83333,-2.84068e+08,-1.12388e+07,-2.47334e+07,-6604.45,-260.692,-573.709
9.83333,1.86416e+08,-1.73891e+08,-1.01055e+08,4334.15,-4042.96,-2349.52
9.83333,1.82328e+08,-4.87496e+07,1.84333e+08,4239.09,-1133.42,4285.73
9.83333,-2.80876e+08,8.23152e+07,2.42699e+07,-6530.38,1913.41,564.153
9.83333,1.59885e+08,2.18259e+08,8.21487e+07,3717.31,5074.5,1909.95
9.83333,-7.57833e+07,6.50789e+06,2.75264e+08,-1762,151.308,6399.84
9.83333,1.51541e+08,-1.68356e+08,-1.40661e+08,3523.3,-3914.27,-3270.36
9.83333,-2.25127e+08,-2.29981e+07,-1.68154e+08,-5234.25,-534.683,-3909.41
