1.99e+09,-5579.03,239823,-229.851,-2.62215e-06,9.4292e-05,9.60052e-07
330,4.28249e+07,3.92545e+07,-1971.18,-24.2725,41.1908,0.00088124
73.4,8.29906e+07,-1.16692e+08,33406.3,25.2355,16.2297,-0.00587991
2750,1.9108e+08,-3.68168e+07,-1109.19,4.95655,25.6408,0.000184031
642,-7.55529e+07,2.26839e+08,-150.672,-22.3586,-7.50087,-0.00027437
486,-5.54181e+07,-2.62441e+08,-719.283,21.7364,-4.6241,0.00022335
9.83333,-2.44029e+08,-1.1771e+07,1.86616e+06,10.2006,-19.5867,2.94021
9.83333,-6.55244e+07,-3.59171e+08,1.56833e+07,19.5341,14.7923,-0.583944
9.83333,5.63932e+07,-1.33458e+08,3.53843e+07,25.9032,3.74864,-1.09124
9.83333,-2.84653e+08,-1.20683e+08,3.68393e+07,10.0943,-13.1415,3.9832
9.83333,6.97578e+07,-1.09272e+08,-1.37926e+07,27.4253,3.19648,0.224459
9.83333,-4.0705e+08,2.65903e+08,5.41951e+07,-8.21285,-7.73939,-1.58377
9.83333,-5.5164e+08,1.96688e+08,-3.31741e+07,-2.86762,-8.70835,1.5917
9.83333,-1.74682e+07,-3.27902e+08,-4.56658e+07,16.6764,12.3559,1.49996
9.83333,-5.36969e+07,8.08716e+07,2.38838e+07,-25.4406,-28.7347,-8.86801
9.83333,-1.79409e+07,6.21932e+07,9.87045e+06,-45.0625,-27.7739,-4.44992
9.83333,-4.87602e+08,3.22371e+08,-4.42367e+07,-6.01763,-7.14317,0.969161
9.83333,9.51146e+07,-7.9398e+07,-1.98279e+07,27.6016,22.5331,5.64131
9.83333,1.45022e+08,7.84131e+06,1.92295e+06,-6.44222,21.2568,5.1726
9.83333,-5.78887e+08,4.77937e+08,4.73958e+07,-8.56139,-2.93417,-0.395684
9.83333,1.46866e+08,7.15957e+07,4.72006e+06,-7.31627,20.4318,1.21148
9.83333,1.15245e+08,4.70542e+07,5.55735e+06,-22.1205,19.1331,2.00918
9.83333,-5.36964e+07,8.08719e+07,2.38819e+07,-25.6348,-28.3763,-8.08568
9.83333,-2.05843e+08,4.25695e+08,-3.64397e+07,-17.3329,7.41054,-0.781583
9.83333,-1.77812e+07,-3.27869e+08,-4.5375e+07,17.4328,12.5366,1.64481
9.83333,-1.6482e+08,-3.42197e+08,6.69102e+07,15.8769,1.21767,-0.230232
9.83333,1.64784e+07,-2.0163e+08,5.27392e+07,24.4538,12.7769,-3.34647
9.83333,-5.60227e+07,4.80553e+07,-8.71309e+06,-32.316,-37.3015,6.81356
9.83333,1.46947e+08,-1.4006e+06,-99561.8,0.892,20.0059,1.03055
9.83333,-1.95587e+07,-6.70664e+07,-1.49026e+07,42.4744,-25.2456,-5.5754
9.83333,-8.24513e+08,5.51671e+07,-5.78483e+06,-7.03912,-6.46489,0.603169
9.83333,1.06508e+08,9.29174e+07,7.28291e+06,-23.1897,31.8001,2.49695
9.83333,-113165,-2.01792e+08,-4.73569e+07,21.3751,0.241027,0.0551865
9.83333,-2.03615e+08,1.00999e+07,25012.2,9.20256,-23.7254,-0.100203
9.83333,-2.21439e+08,2.90841e+08,7.34982e+07,-18.0082,-0.854841,-0.478413
9.83333,-5.79712e+08,-5.43461e+07,-8.94069e+06,7.63205,-8.84114,-1.45561
9.83333,7.045e+07,1.90126e+08,4.27807e+07,-19.2405,10.4468,2.32579
9.83333,1.39274e+08,-9.0897e+07,-5.95666e+06,11.3893,18.2264,1.20687
9.83333,-6.72176e+07,2.06651e+08,-6.11203e+07,-26.0145,3.81451,-1.11804
9.83333,-5.35442e+07,3.85597e+06,365137,-8.86218,-59.5892,-5.77943
9.83333,1.09021e+08,1.48319e+08,-4.07686e+07,-16.4479,16.1445,-4.4249
9.83333,1.2896e+08,1.17651e+08,-2.51552e+07,-13.4315,19.381,-4.13362
9.83333,-2.10759e+08,1.34907e+08,-3.25469e+07,-7.5945,-17.5502,3.87763
9.83333,-2.1076e+08,1.34906e+08,-3.2547e+07,-8.05805,-17.1167,4.13406
9.83333,1.15794e+08,-6.69114e+07,-1.49631e+07,19.5029,15.2238,3.49565
9.83333,-2.21439e+08,2.90841e+08,7.34995e+07,-17.9633,-0.457955,-0.123336
9.83333,5.64782e+06,2.52267e+08,-5.88421e+07,-20.0815,10.8002,-2.51451
9.83333,5.06834e+07,1.57985e+08,2.74499e+07,-28.2569,20.6969,3.83856
9.83333,4.92654e+07,-1.84281e+08,2.69116e+07,21.2363,5.28002,-0.782891
9.83333,-1.01544e+08,1.72859e+07,5.08812e+06,0.919135,-37.6014,-11.3975
9.83333,-5.78888e+08,4.77938e+08,4.73982e+07,-8.55171,-2.489,-0.228835
9.83333,4.08322e+07,-9.44749e+07,3.04942e+07,36.2568,3.2144,-0.903663
9.83333,1.02599e+08,5.99194e+07,7.66682e+06,-26.9594,19.9032,2.45362
9.83333,-5.9589e+08,-4.81381e+08,3.1773e+07,7.49354,-3.37593,0.278507
9.83333,7.04493e+07,1.90126e+08,4.27804e+07,-18.8614,10.5696,2.38358
9.83333,-6.04652e+07,3.58427e+07,5.19381e+06,-27.3794,-43.1037,-6.33843
9.83333,-6.67771e+07,4.24401e+07,1.7338e+07,-21.586,-37.4675,-15.4652
9.83333,1.5165e+08,-4.54753e+07,1.66039e+06,3.01368,21.8661,-0.807344
9.83333,-4.07746e+07,3.00734e+08,-6.02348e+07,-19.2013,9.69006,-1.93238
9.83333,-3.13296e+07,-8.62923e+07,-2.2413e+07,30.1646,-25.7089,-6.66175
9.83333,-1.23446e+08,3.68419e+08,1.58319e+07,-15.2838,2.82363,0.120026
9.83333,-1.50609e+08,-4.0159e+07,-2.65371e+06,17.4995,-25.6358,-1.46991
9.83333,-2.62938e+08,9.40896e+07,3.10639e+07,-12.2274,-14.2809,-4.7102
9.83333,-1.19256e+08,-2.14523e+08,-4.40159e+07,25.9387,1.39353,0.470646
9.83333,9.41828e+07,1.05358e+08,-3.96955e+07,-22.6019,12.0375,-4.51983
9.83333,1.41822e+08,1.85808e+07,3.90107e+06,-9.89282,20.5494,4.40819
9.83333,-3.29866e+08,-3.0863e+08,5.98523e+07,10.621,-6.06028,1.16522
9.83333,1.33182e+08,-8.09994e+07,2.75588e+07,12.5792,20.819,-7.10015
9.83333,1.33435e+08,9.67032e+07,3.88406e+06,-13.0802,16.8977,0.804801
9.83333,-4.34684e+07,3.53261e+08,-4.36419e+07,-16.6986,10.0389,-1.36203
9.83333,-3.71737e+08,1.36787e+08,3.36415e+07,-5.08795,-11.9831,-2.96674
9.83333,-1.90286e+07,-6.49947e+07,1.74357e+07,37.5247,-31.1301,8.28586
9.83333,-7.42131e+07,4.24643e+07,1.39706e+07,-16.6022,-38.3973,-12.7471
9.83333,-1.03123e+08,3.3065e+08,6.71284e+07,-18.3317,5.81229,1.46768
9.83333,-5.0733e+08,-1.6458e+07,-4.8143e+06,2.74087,-10.3947,-2.77548
9.83333,-1.50608e+08,-4.01595e+07,-2.65375e+06,17.9129,-25.6682,-1.77623
9.83333,5.63928e+07,-1.33458e+08,3.53842e+07,25.7517,3.45487,-0.92002
9.83333,-4.59921e+06,2.19703e+08,3.45686e+07,-26.0402,14.9901,2.35827
9.83333,-1.0664e+08,-1.25883e+08,3.07376e+07,27.7597,-11.5764,2.79223
9.83333,-6.37446e+07,-4.28348e+07,-1.29191e+07,25.7867,-38.2561,-11.2582
9.83333,1.33526e+08,-8.68664e+07,2.72244e+07,12.2333,22.3879,-7.02458
9.83333,-1.39116e+08,7.66282e+07,-1.96069e+07,-20.8162,-20.971,5.41505
9.83333,8.73197e+07,6.99792e+07,-1.24719e+07,-31.2791,17.5222,-3.12044
9.83333,3.42179e+07,-1.282e+08,-3.96169e+07,32.6947,11.2627,3.49583
9.83333,-1.31412e+08,-8.2835e+06,-3.13616e+06,-0.688707,-30.7544,-11.0367
9.83333,-1.74683e+07,-3.27902e+08,-4.56665e+07,17.6521,12.2203,2.39222
9.83333,-6.82373e+07,1.81011e+08,-6.02943e+07,-23.9653,-3.66705,1.23931
9.83333,-3.60908e+08,-1.26286e+08,-2.6124e+07,13.7192,-10.1174,-2.17625
9.83333,-3.63037e+08,-1.38396e+08,-3.35376e+07,12.7586,-9.75799,-2.28735
9.83333,1.01263e+08,-1.08999e+08,4.25465e+07,20.5709,15.8126,-6.18174
9.83333,-6.28342e+08,-3.88277e+08,3.83341e+07,5.6881,-5.38235,0.644348
9.83333,-1.78124e+07,-9.4781e+07,1.12108e+07,41.2273,-10.1496,1.03582
9.83333,-1.6606e+07,7.27086e+07,1.79106e+07,-42.586,-20.9329,-4.85688
9.83333,1.22428e+08,4.6821e+07,1.193e+07,-18.5006,18.8211,4.79387
9.83333,-3.60909e+08,-1.26286e+08,-2.61231e+07,13.3847,-10.3868,-1.83445
9.83333,1.45006e+08,-6.30621e+06,58471,10.6966,25.5678,-0.232804
9.83333,-4.27638e+07,2.80789e+07,1.84803e+06,-19.6552,-58.6721,-3.89911
9.83333,-5.24203e+08,-2.528e+08,4.07768e+07,4.732,-8.29089,1.36643
9.83333,1.11686e+08,6.71635e+07,-2.41328e+07,-21.1237,16.9559,-6.11202
9.83333,1.30979e+08,-4.56044e+07,1.01675e+07,14.2034,18.6454,-4.16561
9.83333,-1.22159e+08,9.72341e+07,2.21613e+07,-25.1312,-17.6507,-4.28476
9.83333,1.13578e+08,1.17468e+08,7.23304e+06,-17.456,12.941,0.913447
9.83333,-5.26949e+08,3.76258e+07,5.87505e+06,-7.64761,-10.1019,-1.48402
9.83333,-1.32936e+08,-1.52101e+08,-4.72704e+07,16.8802,-14.2032,-4.38623
9.83333,1.51333e+08,2.48867e+07,-5.56355e+06,1.69024,24.1598,-5.48602
9.83333,4.7169e+07,8.5932e+07,-3.08808e+07,-35.7544,0.370043,-0.106784
9.83333,-2.7216e+08,-2.68262e+08,-5.80655e+07,11.8876,-7.13957,-1.53729
9.83333,1.45088e+08,2.97011e+07,-6.42345e+06,-5.50507,21.0125,-4.54476
9.83333,1.26458e+08,-4.58547e+07,-1.47056e+07,17.2672,23.6852,7.61121
9.83333,-6.69762e+07,4.2735e+07,-1.61834e+07,-20.0139,-38.4612,14.7086
9.83333,6.97579e+07,-1.09272e+08,-1.37922e+07,27.4985,3.4752,0.476764
9.83333,-1.63528e+08,-2.52428e+08,-6.80354e+07,18.8003,-2.23365,-0.712645
9.83333,-1.1489e+08,6.94662e+06,-2.5706e+06,-5.43317,-33.2383,13.1725
9.83333,-1.60192e+08,1.25792e+08,3.05254e+07,-23.4402,-12.193,-2.97733
9.83333,1.47748e+08,-1.82114e+07,-4.56053e+06,0.0714094,35.5767,8.86739
9.83333,-1.95559e+08,3.01418e+08,-3.68142e+07,-22.5083,4.9171,-0.600012
9.83333,-2.21251e+08,-8.85592e+07,-2.63924e+06,18.685,-15.5303,-0.446915
9.83333,-1.26214e+08,1.57037e+08,-3.35811e+07,-27.1092,-6.33513,1.25367
9.83333,-3.90523e+08,6.10304e+07,-1.29212e+07,1.76775,-13.5284,2.90222
9.83333,-3.18614e+08,-3.79004e+08,4.47476e+07,10.8542,-3.84046,0.447691
9.83333,-9.97061e+06,2.46987e+08,6.17763e+07,-22.2795,12.0939,3.01567
9.83333,-1.78137e+07,-9.47861e+07,1.12016e+07,41.1427,-9.88759,1.28929
9.83333,-4.9272e+08,2.58449e+08,5.18978e+07,-10.7519,-5.57465,-1.14005
9.83333,-2.18893e+09,-2.89971e+08,1.6492e+07,0.02411,-2.74871,0.154102
9.83333,1.22557e+08,4.91868e+07,-1.48079e+07,-19.071,23.7728,-6.88614
9.83333,1.4691e+08,-6.95728e+06,-1.94249e+06,6.34521,24.1255,7.12107
9.83333,1.50929e+08,-1.54715e+07,-3.25152e+06,-4.30933,24.323,5.13159
9.83333,-2.10759e+08,1.34906e+08,-3.25444e+07,-8.41185,-17.4493,4.59123
9.83333,-2.01479e+08,2.21192e+08,1.64072e+07,-9.06584,-13.7561,-1.02651
9.83333,-7.55577e+07,2.67971e+08,-6.9947e+07,-19.6679,3.06431,-0.792138
9.83333,1.28312e+08,5.2395e+07,2.08031e+07,-15.2083,19.6357,7.77756
9.83333,-5.90633e+07,1.20165e+08,-3.46046e+07,-22.7514,-19.1097,5.53471
9.83333,9.98312e+07,-1.18788e+08,3.97019e+07,20.3542,18.3735,-6.14754
9.83333,1.33336e+08,4.90863e+07,-1.08149e+07,-13.0029,18.6392,-4.0761
9.83333,1.2579e+08,1.21566e+08,-3.2661e+07,-14.0958,19.4101,-5.19869
9.83333,6.21607e+07,-8.78416e+07,-2.71528e+07,34.0236,9.53943,2.99364
9.83333,4.08314e+07,-9.44757e+07,3.04927e+07,36.0751,3.22269,-1.20775
9.83333,1.06148e+08,1.40902e+08,4.37997e+07,-17.3166,20.5887,6.36771
9.83333,5.06842e+07,1.57985e+08,2.74497e+07,-28.2288,21.5087,3.52684
9.83333,-1.12083e+08,2.66868e+08,2.57408e+07,-25.0126,7.87328,0.760061
9.83333,1.17485e+08,-1.12395e+08,3.22794e+07,16.6807,17.0586,-5.09773
9.83333,1.46349e+08,-6.37027e+07,1.80646e+07,7.24313,23.6243,-6.71979
9.83333,-5.36949e+07,8.08725e+07,2.38812e+07,-24.6767,-28.6767,-8.43255
9.83333,-2.4555e+08,2.85948e+07,6.81133e+06,2.63357,-19.7622,-4.82104
9.83333,-1.68257e+09,1.69459e+08,-4.11509e+06,-2.86166,-3.27857,0.0744826
9.83333,-3.63048e+08,-1.38387e+08,-3.35593e+07,12.7264,-9.68023,-2.38951
9.83333,4.07891e+07,8.15348e+07,2.09617e+07,-39.0281,-1.14391,-0.31779
9.83333,-8.76094e+07,1.38807e+08,3.17025e+07,-18.0919,-18.3808,-4.37265
9.83333,1.51333e+08,2.48854e+07,-5.56374e+06,1.74187,24.1592,-5.40213
9.83333,-7.23296e+07,4.60736e+07,-9.8694e+06,-12.3479,-41.3706,8.92301
9.83333,-7.80884e+07,-2.04934e+08,5.18467e+07,19.557,-6.45541,1.62177
9.83333,6.2208e+07,-1.92958e+08,4.40067e+07,19.3885,8.2029,-1.88049
9.83333,-2.01563e+08,1.32246e+08,-4.06899e+07,-16.645,-13.0279,4.03253
9.83333,1.37064e+08,-8.16477e+07,1.87702e+07,11.8914,18.6488,-4.53794
9.83333,9.75714e+06,1.35912e+08,-3.3826e+07,-27.5439,-6.684,1.68558
9.83333,1.29246e+08,3.34217e+07,3.74224e+06,-16.99,20.9888,2.30521
9.83333,-6.83726e+07,-9.10543e+07,-1.5202e+07,19.5348,-29.3104,-4.72756
9.83333,6.97718e+07,2.24528e+08,-1.23367e+07,-18.8896,25.3308,-1.39098
9.83333,-2.1076e+08,1.34906e+08,-3.25473e+07,-7.76009,-16.9982,4.34135
9.83333,-3.13284e+07,-8.62918e+07,-2.24134e+07,30.1644,-25.1503,-6.45441
9.83333,-3.00129e+07,-6.62867e+07,-1.93151e+07,33.8856,-31.9109,-8.92006
9.83333,1.02601e+08,5.99141e+07,7.6633e+06,-26.8624,19.9571,2.63867
9.83333,1.06412e+08,-7.15091e+07,-7.18429e+06,22.7402,11.3574,1.13916
9.83333,-8.64627e+07,1.07391e+08,-4.22852e+07,-27.013,-15.1236,5.99459
9.83333,-6.18844e+08,3.02621e+07,3.15838e+06,5.05119,-9.23459,-1.0182
9.83333,1.22557e+08,4.91851e+07,-1.48056e+07,-19.2907,23.712,-7.1219
9.83333,1.37331e+08,-2.10554e+07,1.59125e+06,14.3655,25.234,-1.92725
9.83333,-2.22491e+08,-2.20549e+08,5.30973e+07,20.4081,-3.71872,0.887447
9.83333,-4.94525e+08,2.16558e+08,-3.7837e+07,-13.8537,-5.34169,0.940569
9.83333,1.1358e+08,1.17468e+08,7.23467e+06,-18.4981,12.2068,0.619188
9.83333,1.25791e+08,1.21569e+08,-3.26618e+07,-13.9415,18.9702,-5.09565
9.83333,-3.74309e+07,6.28379e+07,-1.72919e+07,-37.6772,-29.2912,8.08386
9.83333,-2.21439e+08,2.9084e+08,7.34996e+07,-17.555,-0.980091,0.0505922
9.83333,-4.09274e+08,5.08609e+08,4.07423e+07,-11.4185,0.890802,0.169312
9.83333,-1.66079e+07,7.27078e+07,1.79115e+07,-42.3439,-20.9749,-5.74425
9.83333,5.63937e+07,-1.33458e+08,3.53845e+07,25.5455,3.48418,-0.432556
9.83333,-1.29607e+08,2.45262e+08,-7.23345e+07,-20.6892,-0.125219,0.228992
9.83333,1.23122e+08,-4.47873e+07,1.35637e+07,18.1597,17.9483,-5.46352
9.83333,-5.19739e+08,-3.13224e+08,4.76467e+07,6.24763,-6.96448,0.917178
9.83333,1.27862e+08,-9.01899e+07,1.87791e+07,14.8213,16.5539,-3.43821
9.83333,1.13589e+08,-2.07163e+08,-7.51933e+06,12.9016,26.1646,0.94719
9.83333,-4.60067e+08,2.77326e+08,5.57272e+07,-11.7412,-5.11576,-1.03206
9.83333,1.11473e+08,8.82133e+07,1.72721e+07,-19.9394,13.33,2.60332
9.83333,-7.28936e+07,-2.93667e+07,-1.98022e+06,5.00562,-47.0343,-3.09599
9.83333,1.2417e+08,-1.07102e+08,-7.04849e+06,15.6545,15.2362,0.787822
9.83333,-6.65758e+06,7.46239e+07,1.17691e+07,-38.8424,-25.2896,-4.00965
9.83333,9.37229e+07,-6.17385e+07,-8.7777e+06,28.9267,14.4281,1.99433
9.83333,1.47288e+08,7.91841e+07,1.53655e+07,-5.35995,33.4667,6.50364
9.83333,1.4661e+08,-3.69087e+07,-5.85361e+06,-0.707576,37.2003,5.43507
9.83333,-5.16761e+08,3.99188e+07,9.41726e+06,-0.348928,-10.2643,-2.67044
9.83333,-4.52352e+08,7.08477e+07,-1.51845e+07,1.0333,-11.7187,2.81464
9.83333,1.50644e+08,1.4633e+07,-2.89512e+06,4.96499,26.0439,-5.13043
9.83333,9.76957e+07,1.70305e+08,-2.63384e+07,-17.2747,12.5846,-1.93557
9.83333,3.17994e+06,6.64638e+07,1.0478e+07,-45.3212,-22.1353,-3.51504
9.83333,-7.65146e+08,-2.79619e+08,1.91316e+07,0.568061,-7.17288,0.471511
9.83333,-1.29607e+08,2.45264e+08,-7.23347e+07,-20.4832,-0.432057,-0.293936
9.83333,1.45006e+08,-6.30632e+06,59243.8,11.1661,26.0222,-0.327495
9.83333,-5.95442e+07,-5.75521e+07,1.90846e+07,29.9493,-31.6701,10.4155
9.83333,-1.82383e+08,4.07613e+08,-5.28608e+07,-14.8711,3.35727,-0.300475
9.83333,-1.23598e+07,-7.18082e+07,-4.45525e+06,45.837,-19.8732,-1.18398
9.83333,-4.51752e+08,-3.99502e+08,-5.5248e+07,9.22003,-4.37155,-0.564132
9.83333,-3.60908e+08,-1.26286e+08,-2.61225e+07,13.6687,-9.81442,-1.89353
9.83333,1.49759e+08,-3.87677e+07,9.50107e+06,3.03517,22.4295,-5.46421
9.83333,7.33007e+07,-2.00602e+08,-1.51057e+07,18.055,8.34931,0.641667
9.83333,-7.52247e+07,-1.29873e+08,3.11813e+07,31.3206,-7.98327,1.99458
9.83333,6.93781e+07,8.12441e+07,-2.15211e+07,-34.1857,12.5543,-2.90683
9.83333,-1.94439e+08,-5.67401e+07,4.65654e+06,-2.52223,-24.4969,1.97931
9.83333,-2.75298e+08,-4.28022e+08,-3.89351e+07,11.509,-1.44305,-0.108618
9.83333,1.5582e+08,3.19436e+07,-1.18606e+06,5.19798,28.9904,-1.04824
9.83333,9.37134e+07,-6.17349e+07,-8.77959e+06,28.9563,14.4132,2.10371
9.83333,-8.2057e+08,3.54773e+08,3.47052e+07,-2.96845,-5.67169,-0.474609
9.83333,1.22741e+08,-6.47836e+07,2.85791e+06,17.3754,14.0415,-0.590553
9.83333,1.21696e+08,6.02645e+07,1.11844e+07,-17.8075,16.2191,3.00715
9.83333,-5.79149e+07,3.20094e+08,-5.77002e+07,-19.1421,9.7128,-1.50669
9.83333,-6.30343e+08,-7.09618e+07,-7.20181e+06,-4.40631,-9.32795,-0.858496
9.83333,-9.80447e+08,3.90279e+07,7.6001e+06,-0.538186,-6.01339,-0.93084
9.83333,-1.72895e+09,5.65984e+07,-1.59175e+06,-1.29539,-3.42517,0.122425
9.83333,-1.29606e+08,2.45264e+08,-7.23372e+07,-20.7801,-0.107039,0.289187
9.83333,-4.88802e+08,5.55716e+08,-5.08903e+07,-11.2954,1.08073,-0.0983798
9.83333,-7.60832e+08,2.23756e+08,-3.80525e+07,-7.26032,-5.37331,0.918791
9.83333,1.07068e+08,5.81651e+07,-5.40686e+06,-25.6089,21.7559,-2.02307
9.83333,-3.22066e+08,4.10607e+08,-4.38765e+07,-12.1435,-1.76279,0.151993
9.83333,1.07444e+08,-1.12162e+08,1.21695e+07,19.5051,12.3396,-1.33903
9.83333,6.64188e+07,-1.17818e+08,3.97793e+07,28.3633,15.0833,-5.10509
9.83333,-3.74308e+07,6.28368e+07,-1.72927e+07,-37.6421,-29.503,8.36427
9.83333,-5.02614e+07,-1.93823e+08,5.37751e+07,20.8769,-5.74615,1.58037
9.83333,1.15246e+08,4.70552e+07,5.55438e+06,-22.3124,19.3018,2.22953
9.83333,-3.00104e+07,-6.62876e+07,-1.93187e+07,33.9531,-31.6896,-8.6144
9.83333,-9.98225e+07,4.29677e+07,1.58557e+07,-17.1186,-31.3783,-11.9032
9.83333,8.9768e+07,1.0112e+08,-2.7084e+07,-26.3787,23.1227,-6.18674
9.83333,-2.9593e+08,3.24984e+08,2.72272e+07,-19.333,1.58334,0.132138
9.83333,-3.19661e+07,-6.01164e+07,-1.56873e+07,38.0312,-31.9998,-8.29347
9.83333,-1.99235e+08,-4.19006e+08,-4.92105e+07,14.8642,3.32879,0.348652
9.83333,5.03423e+07,-2.04653e+08,4.96792e+07,19.8811,10.3195,-2.50948
9.83333,1.49297e+08,5.57744e+07,1.65043e+07,-4.74256,24.0597,6.95436
9.83333,1.17485e+08,-1.12396e+08,3.2279e+07,16.4697,16.9745,-4.69701
9.83333,-1.10579e+08,9.96518e+07,-2.96251e+07,-13.7744,-24.3171,7.27886
9.83333,-5.79144e+07,3.20093e+08,-5.76995e+07,-18.8891,8.74165,-2.04428
9.83333,1.15245e+08,4.70555e+07,5.55547e+06,-22.6478,19.2264,2.35988
9.83333,-5.15621e+08,1.21835e+08,-1.04337e+07,-12.1196,-8.04143,0.68217
9.83333,-7.82044e+07,2.04875e+07,5.89172e+06,-15.2783,-42.1317,-12.3712
9.83333,-9.44773e+08,2.5534e+08,-659462,-0.965078,-5.85414,0.0152766
9.83333,-2.99387e+07,2.30906e+08,-3.52026e+07,-19.0802,-2.3134,0.363202
9.83333,-3.62625e+08,-3.58262e+08,4.22854e+07,9.33085,-5.9148,0.564518
9.83333,1.2274e+08,-6.47833e+07,2.85809e+06,17.6287,13.8991,-0.625337
9.83333,3.39152e+07,1.07654e+08,2.67516e+07,-37.2458,8.74382,2.00082
9.83333,-2.3678e+08,-2.0824e+08,4.42894e+07,8.89938,-12.6476,2.68214
9.83333,1.5041e+08,2.48994e+07,4.37446e+06,-0.0744371,22.3531,3.92409
9.83333,6.59427e+06,6.48873e+07,-2.05294e+06,-49.9145,-17.0596,0.549295
9.83333,1.46351e+08,-6.37016e+07,1.80643e+07,6.55857,23.8159,-6.79747
9.83333,1.21932e+08,-4.49251e+07,3.01183e+06,21.031,26.1852,-1.79868
9.83333,1.45097e+08,6.25281e+06,-828021,-10.6266,34.464,-3.93164
9.83333,-2.43621e+07,-5.06625e+07,-1.49409e+07,41.5173,-36.98,-10.8155
9.83333,1.27299e+08,-4.60217e+07,8.17213e+06,15.9931,17.728,-3.14297
9.83333,-1.00184e+09,4.34145e+08,-2.35046e+07,-3.45029,-4.29516,0.233085
9.83333,-1.37903e+08,2.79255e+08,-5.60295e+07,-16.5615,-2.71077,0.550367
9.83333,1.09362e+08,8.51229e+07,2.9362e+07,-21.0203,22.9155,7.89753
9.83333,1.54e+08,4.94864e+07,-6.56035e+06,-1.21059,25.1624,-3.3241
9.83333,1.46534e+08,-6.60985e+07,-1.62141e+07,7.4776,22.1948,5.55741
9.83333,-2.1076e+08,1.34906e+08,-3.25457e+07,-7.8953,-17.5735,3.65601
9.83333,-2.7786e+07,1.07458e+08,4.03065e+07,-31.4759,-13.0241,-4.92143
9.83333,1.20909e+08,-4.83591e+07,-15175.5,21.7373,26.8688,-0.0145918
9.83333,-7.11137e+07,2.4545e+08,1.22617e+07,-17.2717,-5.41064,-0.40089
9.83333,-1.11449e+09,-4.57376e+08,4.62674e+07,3.48541,-3.79331,0.385776
9.83333,-1.34872e+09,4.21375e+08,-5.06081e+07,-3.46423,-3.28773,0.396865
9.83333,1.36706e+08,1.60053e+08,-2.23007e+07,-10.0502,25.0946,-3.49728
9.83333,3.18584e+07,-2.4529e+08,5.30724e+07,18.7947,11.7268,-2.53822
9.83333,1.37064e+08,-8.16474e+07,1.87705e+07,11.5877,18.4479,-4.50215
9.83333,-6.72281e+07,-1.09517e+08,-1.2408e+07,18.8431,-26.0988,-2.94459
9.83333,1.20909e+08,-4.8359e+07,-15240.2,21.5796,26.9798,0.0193622
9.83333,-9.12564e+06,7.05723e+07,1.33317e+06,-39.228,-28.968,-0.54761
9.83333,-1.69175e+07,2.66105e+08,5.56047e+07,-21.1891,12.4606,2.61885
9.83333,5.7719e+07,-8.03885e+07,1.64818e+07,37.2876,7.84671,-1.60914
9.83333,1.52138e+08,2.11038e+07,-1.48721e+06,3.48586,24.1016,-1.67218
9.83333,-9.80445e+08,3.90251e+07,7.60139e+06,-0.735499,-5.63899,-0.996745
9.83333,-6.39932e+08,1.10421e+08,2.19467e+07,-3.57601,-7.78315,-1.68649
9.83333,-3.00128e+07,-6.62871e+07,-1.93171e+07,33.6728,-31.9103,-9.45909
9.83333,-5.79135e+07,3.20093e+08,-5.7699e+07,-18.9159,10.2772,-1.66411
9.83333,1.51606e+08,-1.72634e+07,-1.64692e+06,-3.85698,22.6537,2.14611
9.83333,1.11805e+08,6.13821e+07,1.8987e+07,-22.7377,22.3717,6.91535
9.83333,-1.82382e+08,4.07613e+08,-5.28608e+07,-14.8157,3.13363,-0.440509
9.83333,-1.58751e+08,1.69915e+08,-4.9524e+07,-14.6116,-13.2743,3.89371
9.83333,8.81092e+07,-9.44797e+07,3.60514e+07,25.2646,11.1525,-4.27411
9.83333,5.14898e+07,-2.96627e+08,-1.42129e+07,15.6769,18.6882,0.893904
9.83333,9.29292e+07,-9.27421e+07,-2.79936e+07,26.0038,21.6294,6.54016
9.83333,1.2885e+07,-2.72773e+08,1.78983e+06,21.1112,19.9526,-0.127985
9.83333,-3.82879e+08,-3.69483e+08,4.39664e+07,9.29969,-5.0883,0.602855
9.83333,-5.16761e+08,3.99172e+07,9.41757e+06,-0.0386932,-10.3286,-2.51851
9.83333,-1.09046e+08,-2.19523e+08,4.00644e+07,26.4658,3.34764,-0.797119
9.83333,1.3835e+08,5.80093e+07,7.13307e+06,-10.9641,18.2968,2.25366
9.83333,-6.83733e+07,-9.10534e+07,-1.52022e+07,19.1819,-29.0102,-4.95855
9.83333,-3.36036e+08,-3.13645e+08,-6.24858e+07,15.8036,-1.77947,-0.352016
9.83333,1.47026e+08,-4.21771e+07,1.17235e+07,4.82928,22.1323,-6.15467
9.83333,-1.03125e+08,3.30649e+08,6.71282e+07,-17.8533,5.86718,1.01859
9.83333,1.46517e+08,-3.64711e+06,424309,5.01933,38.7466,-4.31675
9.83333,7.21911e+07,-1.05756e+08,-4.179e+07,28.2221,13.4156,5.27246
9.83333,-3.74306e+07,6.28382e+07,-1.72918e+07,-38.2639,-29.8932,8.1468
9.83333,-1.82396e+08,4.07592e+08,-5.29068e+07,-14.736,3.29662,-0.398008
9.83333,1.63457e+07,1.99829e+08,1.48644e+07,-20.9493,-0.737145,-0.0690493
9.83333,4.18352e+07,8.86669e+07,-2.2438e+07,-36.365,-1.77292,0.471039
9.83333,1.15247e+08,4.70552e+07,5.55419e+06,-22.5099,18.5001,2.08549
9.83333,1.39913e+08,1.92779e+07,-4.24232e+06,-10.4278,19.5863,-4.30519
9.83333,9.3957e+07,-1.27367e+08,-3.81552e+07,20.7664,13.0514,3.91885
9.83333,-5.06278e+07,2.65916e+08,-3.92564e+07,-24.3636,13.0502,-1.92567
9.83333,3.39154e+07,1.07653e+08,2.67518e+07,-37.0981,8.25951,2.17314
9.83333,1.1137e+08,-5.09414e+07,-6.99368e+06,22.9572,16.2285,2.23338
9.83333,-4.44923e+08,2.70245e+08,-6.63196e+07,-12.4636,-4.77633,1.1782
9.83333,-6.28342e+08,-3.88279e+08,3.83367e+07,5.9111,-5.26741,0.401698
9.83333,1.03301e+08,-2.18172e+08,2.51472e+07,13.921,19.594,-2.243
9.83333,-4.75974e+08,-1.35247e+08,3.08194e+07,2.41404,-10.47,2.37041
9.83333,-4.65729e+08,-9.521e+07,-1.97522e+07,-1.67051,-11.6942,-2.39938
9.83333,1.42694e+08,-2.73543e+07,7.15793e+06,7.91019,34.603,-9.03981
9.83333,1.47396e+08,-1.68349e+07,6.32283e+06,1.67522,22.8467,-8.61392
9.83333,5.06847e+07,1.57986e+08,2.74475e+07,-28.0281,20.862,3.57993
9.83333,-3.14211e+08,2.17053e+07,-1.0893e+06,-11.8102,-15.7006,0.788208
9.83333,1.37064e+08,-8.16479e+07,1.87682e+07,11.7507,18.6151,-3.7505
9.83333,-1.07844e+08,-2.32689e+06,1.01718e+06,-4.09281,-35.4857,12.8863
9.83333,-5.19739e+08,-3.13223e+08,4.76481e+07,6.41793,-6.45532,1.11972
9.83333,3.27343e+07,-1.33597e+08,3.53592e+07,27.4655,-1.32479,0.356753
9.83333,-1.84422e+07,1.63497e+08,-3.86628e+07,-31.6172,6.61994,-1.55446
9.83333,1.4635e+08,-6.37012e+07,1.80653e+07,6.67548,23.6474,-6.43091
9.83333,1.40906e+08,6.66274e+07,-1.5856e+07,-9.99278,19.3593,-4.59001
9.83333,-1.09673e+08,-3.58555e+08,2.61844e+07,14.939,1.92476,-0.142615
9.83333,-7.63353e+07,-8.69361e+07,-3.08062e+07,24.138,-23.318,-8.21144
9.83333,-5.79126e+07,3.20094e+08,-5.76992e+07,-18.4501,9.20391,-2.02143
9.83333,1.22557e+08,4.91868e+07,-1.48067e+07,-19.0566,23.3406,-7.17918
9.83333,-2.04418e+08,9.66711e+07,-2.28838e+06,-21.7324,-14.7271,0.344543
9.83333,7.21915e+07,-1.05755e+08,-4.1792e+07,28.2299,13.4821,5.50983
9.83333,-1.6923e+07,2.66105e+08,5.56073e+07,-21.4848,12.4216,2.5783
9.83333,-3.22065e+08,4.10612e+08,-4.38779e+07,-11.937,-1.81519,0.27078
9.83333,1.44259e+08,8.4197e+06,-2.17055e+06,-8.8857,23.8939,-5.99847
9.83333,-3.26461e+07,2.3509e+07,-972460,-31.2618,-64.957,2.82102
9.83333,1.25269e+08,9.85945e+07,-9.14221e+06,-15.8098,14.2361,-1.31353
9.83333,-1.84884e+08,-1.33196e+08,-3.28846e+07,21.5395,-11.401,-2.79645
9.83333,-1.33193e+07,1.40129e+08,-2.65136e+07,-26.0864,-11.0691,2.10358
9.83333,-1.08227e+09,1.46474e+08,-1.43894e+07,-1.72188,-5.15837,0.511299
9.83333,-1.06607e+08,2.6754e+08,-2.11116e+07,-15.2257,-6.14769,0.4883
9.83333,1.50032e+08,1.26083e+07,2.40885e+06,4.89549,25.1511,4.71149
9.83333,5.63929e+07,-1.33459e+08,3.53844e+07,25.8895,3.50781,-1.12424
9.83333,-6.97574e+08,-2.93319e+08,-1.70756e+07,1.65948,-7.32862,-0.43372
9.83333,5.02908e+07,-2.023e+08,-5.31176e+07,20.2201,11.5554,3.02203
9.83333,-1.52677e+08,6.8352e+07,-8.30165e+06,-1.50157,-27.8411,3.42453
9.83333,-6.97603e+08,-2.9334e+08,-1.70758e+07,1.63794,-7.33044,-0.410993
9.83333,-4.09276e+08,5.08608e+08,4.07463e+07,-11.6984,0.77357,0.0720647
9.83333,1.27462e+08,4.16025e+07,-1.5157e+06,-16.2957,18.3629,-0.662346
9.83333,1.25397e+08,-4.1126e+07,-4.92022e+06,19.4038,25.889,3.11721
9.83333,1.48976e+08,-7.39697e+06,1.62255e+06,-7.06314,29.2231,-6.4211
9.83333,9.81892e+07,1.15727e+08,3.54187e+07,-20.8627,13.2895,4.08023
9.83333,9.81828e+07,1.15726e+08,3.54215e+07,-21.0107,13.1848,4.01178
9.83333,-1.23727e+08,5.80353e+07,1.6812e+07,-7.76657,-29.3025,-8.55988
9.83333,1.48762e+08,-7.16728e+06,1.97818e+06,-5.30966,26.3065,-7.37254
9.83333,1.46349e+08,-6.3703e+07,1.80638e+07,6.96336,23.7205,-6.63897
9.83333,5.10156e+06,-1.05967e+08,1.16502e+07,32.1368,-14.7069,1.60669
9.83333,-4.16583e+08,-4.80549e+08,-2.25144e+07,9.83141,-1.93699,-0.091106
9.83333,1.45007e+08,-6.30605e+06,58420.9,10.709,25.3057,-0.0507746
9.83333,1.31516e+08,4.12441e+07,1.60584e+07,-14.2966,21.0624,8.18641
9.83333,-7.62628e+07,-2.217e+08,5.79145e+07,24.3232,3.27019,-0.860232
9.83333,-4.58511e+08,-1.85616e+08,3.03574e+07,2.38626,-10.6282,1.73283
9.83333,-1.03125e+08,3.30651e+08,6.71296e+07,-17.8744,5.75586,1.17074
9.83333,6.13475e+07,8.71445e+07,-6.19474e+06,-33.0762,0.351305,-0.0184062
9.83333,6.69435e+07,-2.22046e+08,5.23961e+07,17.8693,17.2737,-4.08034
9.83333,3.42129e+07,-8.54355e+07,1.83819e+07,41.4061,2.46466,-0.541602
9.83333,-1.33439e+09,-4.66287e+08,1.04941e+07,2.45627,-3.56314,0.0798907
9.83333,-1.89093e+08,-4.70605e+08,-8.16112e+06,14.3197,5.95763,0.163802
9.83333,6.78231e+07,-8.3096e+07,2.17039e+07,32.758,7.04231,-1.85712
9.83333,1.46535e+08,-6.60992e+07,-1.62137e+07,6.77685,22.4507,5.49073
9.83333,-1.21044e+09,-2.17303e+08,2.31855e+07,-0.986981,-4.99558,0.527455
9.83333,7.14591e+07,-1.07329e+08,2.59486e+07,30.4238,19.6296,-4.78616
9.83333,-1.74687e+07,-3.27903e+08,-4.56658e+07,17.5098,12.3594,1.68875
9.83333,-4.47927e+08,1.56344e+08,-1.38684e+07,0.205071,-12.0576,0.823833
9.83333,-1.79308e+08,-2.71177e+08,-5.53665e+06,24.387,4.38735,0.090974
9.83333,1.24935e+08,1.03517e+08,-2.3391e+07,-15.3934,16.3123,-3.65085
9.83333,-4.56714e+06,-1.46917e+08,4.246e+07,26.0413,-6.41173,1.71634
9.83333,6.28501e+07,1.11493e+08,-4.30569e+07,-29.1303,11.2439,-4.32895
9.83333,-1.7632e+08,-1.64351e+08,-3.80862e+07,10.4124,-16.2424,-3.7475
9.83333,1.55518e+06,-1.03266e+08,-2.0042e+07,40.0454,-2.26615,-0.428713
9.83333,-4.64139e+08,-5.66543e+07,1.09024e+07,-3.18507,-11.7746,2.60252
9.83333,-3.95187e+07,-1.35455e+08,3.28759e+07,33.8242,-2.08574,0.559599
9.83333,1.36733e+08,1.60042e+08,-2.22934e+07,-10.0257,25.0877,-3.49412
9.83333,1.29414e+08,-6.87804e+07,-2.64432e+07,14.1744,20.2024,7.78667
9.83333,-9.33685e+08,-6.08633e+08,-6.20594e+07,7.90329,-1.13531,-0.115714
9.83333,1.45033e+08,1.87434e+07,5.46266e+06,-4.88693,21.6787,6.3238
9.83333,-3.24997e+08,-4.19247e+08,-3.72669e+07,11.1976,-2.23,-0.197711
9.83333,-4.80603e+08,-1.50804e+08,1.83066e+07,-0.491598,-11.3144,1.33974
9.83333,1.44078e+08,6.96376e+07,1.44032e+07,-5.28704,35.4923,6.56396
9.83333,5.42727e+06,1.11058e+08,3.88101e+07,-33.1447,-6.22277,-2.19936
9.83333,-1.23756e+08,7.63576e+07,1.78546e+07,-8.33272,-28.1683,-6.64195
9.83333,1.38543e+08,3.91907e+07,7.13371e+06,-10.3626,17.9034,3.25083
9.83333,-9.73759e+08,8.51288e+07,1.17871e+07,-1.69939,-5.77006,-0.951871
9.83333,-1.74681e+07,-3.279e+08,-4.56664e+07,17.6859,12.7219,2.08811
9.83333,1.15663e+08,-5.56356e+07,7.7439e+06,20.5925,16.5776,-2.30694
9.83333,-4.80416e+08,-4.50999e+08,8.03003e+07,11.7234,-0.759447,0.131932
9.83333,1.46534e+08,-6.60985e+07,-1.62145e+07,6.98858,22.3499,5.40239
9.83333,1.50379e+08,3.25972e+07,9.67393e+06,-2.8837,23.1229,6.83994
9.83333,1.40354e+08,1.99204e+07,6.44495e+06,-11.253,26.2511,8.43233
9.83333,-4.52357e+08,7.08445e+07,-1.51895e+07,1.16228,-11.919,2.48304
9.83333,1.15787e+08,-6.69112e+07,-1.49582e+07,19.8354,15.2414,3.30983
9.83333,-1.63528e+08,-2.52425e+08,-6.80362e+07,18.3984,-2.60246,-0.61214
9.83333,-2.32292e+07,-6.13649e+07,-1.83542e+07,41.6232,-28.6317,-8.49792
9.83333,-6.15548e+06,1.32097e+08,-5.50842e+07,-31.2183,-0.571077,0.259812
9.83333,1.47972e+08,-1.02101e+07,2.37328e+06,-0.462949,20.8222,-4.83695
9.83333,-1.5767e+09,2.95648e+08,4.31578e+07,-4.51487,-2.92323,-0.427759
9.83333,-3.29865e+08,-3.08631e+08,5.98533e+07,10.5193,-6.14001,1.17544
9.83333,1.44584e+08,-4.51469e+07,1.31395e+07,5.59572,33.1099,-9.65855
9.83333,1.33433e+08,9.67014e+07,3.88313e+06,-13.396,16.7407,0.599234
9.83333,5.06847e+07,1.57987e+08,2.74498e+07,-27.7758,20.7258,3.58425
9.83333,-1.66063e+07,7.27088e+07,1.79092e+07,-42.5531,-20.7712,-4.80826
9.83333,-1.74677e+07,-3.27901e+08,-4.56668e+07,17.5247,12.0147,1.50835
9.83333,-4.38046e+08,6.41211e+08,-7.1892e+06,-11.1756,3.19448,-0.0328039
9.83333,1.43428e+08,-1.3057e+07,1.26125e+06,7.45804,19.7233,-1.93527
9.83333,-1.26213e+08,1.57033e+08,-3.35812e+07,-26.9532,-6.43658,1.49441
9.83333,5.967e+06,-1.9894e+08,-5.56028e+07,21.8896,2.43026,0.691729
9.83333,1.27968e+08,5.56971e+07,-2.04224e+07,-15.2407,18.9009,-6.91541
9.83333,1.42267e+08,5.03455e+07,1.79401e+07,-7.89077,23.1222,8.63926
9.83333,1.45437e+08,7.82916e+06,1.02827e+06,-5.45144,21.0413,2.80666
9.83333,-2.87007e+08,2.70203e+08,-5.24985e+07,-10.8116,-7.76738,1.5155
9.83333,1.1358e+08,1.17468e+08,7.23641e+06,-17.8975,12.5508,0.859541
9.83333,-2.90325e+08,-1.27814e+08,3.06425e+07,3.99509,-14.9285,3.53853
9.83333,3.89179e+07,-3.05316e+08,1.02359e+07,15.1192,11.7321,-0.395583
9.83333,-3.00098e+07,-6.62874e+07,-1.93176e+07,33.7784,-31.555,-9.36816
9.83333,2.21481e+07,1.52135e+08,4.49929e+07,-25.5125,-1.02034,-0.318473
9.83333,-3.60907e+08,-1.26286e+08,-2.6126e+07,13.6603,-9.72227,-2.2809
9.83333,-2.95005e+08,3.10457e+06,14742.4,-11.5165,-17.2018,-0.301349
9.83333,-6.69977e+07,1.23603e+08,-4.2297e+07,-23.9699,-15.781,5.4316
9.83333,-5.67538e+07,-7.85009e+07,2.85197e+07,29.2869,-24.466,8.82998
9.83333,1.38086e+08,-1.22759e+08,2.45255e+07,10.3719,24.221,-4.84218
9.83333,-6.99861e+08,4.83168e+08,7.39098e+06,-6.89421,-3.4131,-0.0556409
9.83333,-2.21528e+08,-4.33582e+08,6.27821e+07,16.1669,5.86112,-0.848064
9.83333,-5.79128e+07,3.20094e+08,-5.77001e+07,-17.95,8.98726,-1.38947
9.83333,-1.09893e+09,-2.46884e+08,-3.27605e+06,8.5491,-3.49743,-0.045071
9.83333,-8.7102e+08,2.4796e+08,4.05129e+07,-6.03108,-4.89982,-0.812587
9.83333,5.27949e+07,-2.44268e+08,-4.63073e+07,18.3924,18.805,3.57191
9.83333,-5.41866e+08,-1.12295e+07,-3.24401e+06,1.70388,-9.86393,-2.54972
9.83333,1.45289e+08,-5.80776e+07,-6.70483e+06,7.73435,19.8245,2.18947
9.83333,-1.53359e+08,6.49059e+07,9.66008e+06,-2.63325,-27.3667,-4.11498
9.83333,-3.47017e+08,-5.46454e+07,1.63255e+07,1.19524,-14.2612,4.20429
9.83333,-4.47927e+08,1.56344e+08,-1.38679e+07,0.0240858,-11.782,1.29674
9.83333,-2.62939e+08,9.40909e+07,3.10637e+07,-12.264,-14.1075,-4.73637
9.83333,1.46946e+08,-1.4012e+06,-98944.2,0.845426,20.0787,1.03368
9.83333,1.42268e+08,5.03464e+07,1.79393e+07,-7.84909,23.3169,8.30078
9.83333,-5.30025e+07,-3.82391e+07,-8.78589e+06,28.1404,-43.7373,-9.95237
9.83333,-3.60252e+08,5.01436e+08,4.35085e+07,-12.5061,1.70722,0.112454
9.83333,1.51451e+08,1.64177e+07,3.55597e+06,4.84498,28.0075,6.2925
9.83333,-4.75732e+08,5.43378e+08,-1.62366e+07,-14.3519,4.3168,-0.393942
9.83333,-1.2216e+08,9.72304e+07,2.21598e+07,-25.3525,-17.6045,-3.86783
9.83333,-5.95892e+08,-4.81379e+08,3.17745e+07,7.40147,-3.45311,0.183496
9.83333,1.49298e+08,5.57751e+07,1.65033e+07,-4.85529,24.0649,7.28128
9.83333,-5.26947e+08,3.76267e+07,5.87595e+06,-7.56675,-9.62048,-1.69789
9.83333,1.5145e+08,1.64151e+07,3.55523e+06,4.85711,27.8466,6.59106
9.83333,9.29684e+07,7.78639e+07,2.6001e+07,-27.2096,17.4165,5.80848
9.83333,-5.79137e+07,3.20095e+08,-5.76999e+07,-18.7788,9.54476,-1.5046
9.83333,1.12766e+08,-5.29371e+07,1.16824e+07,23.221,20.0807,-4.22121
9.83333,-2.23564e+07,-5.59606e+07,-9.02241e+06,43.7543,-33.3555,-5.33282
9.83333,-6.88727e+08,2.6729e+07,-3.09661e+06,4.14804,-8.32048,0.990164
9.83333,1.08773e+08,6.05001e+07,-1.66567e+07,-23.9469,18.7378,-5.21328
9.83333,1.08488e+08,7.55621e+07,2.67244e+07,-21.4841,15.0194,5.29088
9.83333,-2.66805e+08,-2.17656e+08,-6.05997e+07,13.4639,-8.11584,-2.20886
9.83333,-3.62626e+08,-3.58263e+08,4.2285e+07,9.57924,-5.22906,0.688379
9.83333,1.11686e+08,6.7164e+07,-2.41332e+07,-21.1577,16.7841,-5.98444
9.83333,9.73636e+07,1.73177e+08,3.07743e+07,-17.0876,15.1889,2.68915
9.83333,-3.61164e+08,-4.0335e+08,-3.74816e+07,9.03752,-4.71028,-0.621912
9.83333,1.14819e+08,-1.41826e+08,-2.53008e+07,16.0812,13.9067,2.48926
9.83333,-1.74688e+07,-3.27902e+08,-4.56663e+07,17.4304,12.4662,1.2986
9.83333,-6.55363e+07,-3.59169e+08,1.56756e+07,19.3156,14.9397,-0.712522
9.83333,1.49548e+08,1.4933e+07,83685.8,1.27615,19.9055,0.134251
9.83333,9.82076e+07,1.61556e+08,-3.84176e+07,-18.0512,25.3113,-6.01971
9.83333,-5.78889e+08,4.77937e+08,4.73993e+07,-8.6341,-2.62254,-0.0714297
9.83333,3.20722e+07,-2.23027e+08,4.44685e+07,19.0503,5.25177,-1.05297
9.83333,-3.62625e+08,-3.58262e+08,4.22849e+07,9.23441,-5.2368,0.69131
9.83333,-3.61271e+08,-1.51514e+08,8.9748e+06,0.0252382,-14.2531,0.834138
9.83333,-9.98256e+07,4.29675e+07,1.58527e+07,-16.8166,-31.4287,-11.5235
9.83333,-1.44841e+08,1.926e+08,1.8962e+07,-27.1667,-1.52929,-0.156386
9.83333,-2.22665e+08,3.28004e+08,-6.19335e+07,-14.7058,-2.04095,0.352547
9.83333,-5.36968e+07,8.08713e+07,2.3883e+07,-25.175,-28.2043,-8.78101
9.83333,1.46198e+08,-2.09674e+06,-16941.1,8.68732,22.8827,0.124696
9.83333,8.40511e+07,1.40377e+08,4.30925e+07,-22.3751,20.5563,6.29934
9.83333,8.75696e+07,7.22308e+07,8.41227e+06,-28.9237,9.60068,1.11736
9.83333,-1.72486e+09,1.68131e+08,-1.69638e+07,-0.969653,-3.36378,0.342684
9.83333,-8.59757e+07,5.94943e+07,2.10949e+07,-16.0774,-32.0106,-11.8293
9.83333,-1.74452e+08,6.42865e+07,1.26513e+07,-1.66448,-24.9922,-4.97297
9.83333,-2.60722e+07,4.70796e+07,-6.7532e+06,-40.2143,-43.4118,6.27263
9.83333,-4.75731e+08,5.4338e+08,-1.62378e+07,-14.96,4.32182,0.00647681
9.83333,9.59019e+07,-1.26806e+08,4.94005e+07,20.3759,18.1205,-7.06812
9.83333,1.12767e+08,-5.29369e+07,1.16838e+07,22.6947,20.0669,-4.50623
9.83333,-5.24202e+08,-2.52799e+08,4.07766e+07,3.99273,-8.22359,1.27719
9.83333,-1.07786e+08,1.01053e+08,2.60014e+06,-10.6957,-28.0561,-0.80477
9.83333,1.5145e+08,1.64136e+07,3.55523e+06,5.00142,27.7843,6.32948
9.83333,-1.22342e+09,-1.90163e+08,-2.96747e+07,0.811465,-4.63305,-0.719711
9.83333,-2.32243e+08,4.30999e+07,-1.01112e+07,-12.1517,-18.5814,4.42457
9.83333,-4.12484e+08,-4.70053e+08,6.23523e+07,15.3057,3.20562,-0.425878
9.83333,1.19397e+08,-8.04928e+07,-2.76887e+07,18.036,28.4272,9.77783
9.83333,8.15096e+07,1.17331e+08,3.90258e+07,-24.2583,10.0719,3.38127
9.83333,-5.82321e+07,-5.0014e+06,-1.79476e+06,0.962928,-54.7135,-15.8372
9.83333,-1.38532e+08,2.2934e+08,-6.26279e+07,-17.5172,-6.04515,1.62735
9.83333,-1.22158e+08,9.72348e+07,2.21586e+07,-25.3659,-17.4058,-3.93806
9.83333,1.48761e+08,-7.16837e+06,1.97871e+06,-5.05771,26.7752,-7.72101
9.83333,1.24171e+08,-1.07102e+08,-7.04931e+06,15.6376,15.1068,0.935569
9.83333,-4.64138e+08,-5.66548e+07,1.09016e+07,-3.12366,-11.9099,1.88804
9.83333,-3.74328e+07,6.28362e+07,-1.72931e+07,-37.3035,-29.7344,8.39275
9.83333,-2.1076e+08,1.34905e+08,-3.25442e+07,-7.44581,-16.7097,4.38585
9.83333,-3.00086e+07,-6.62871e+07,-1.93179e+07,33.6298,-31.8181,-9.17483
9.83333,1.34408e+08,2.94255e+07,8.10135e+06,-15.4297,27.4415,7.53603
9.83333,-2.05843e+08,4.25694e+08,-3.64401e+07,-17.4836,7.36341,-0.500523
9.83333,-1.86398e+08,-3.16869e+07,-8.85875e+06,-1.0596,-24.2088,-6.63656
9.83333,-5.55482e+08,8.19205e+07,-1.66831e+07,1.51198,-9.96837,1.79692
9.83333,1.02015e+08,-1.88761e+08,-3.45196e+07,15.5474,23.8734,4.37007
9.83333,5.63851e+07,1.80048e+08,3.49993e+06,-20.9571,3.56897,0.0673297
9.83333,1.17718e+08,-4.48812e+07,326378,21.9923,23.6119,-0.203641
9.83333,-7.61145e+07,4.89357e+07,1.41794e+07,-14.0189,-38.1503,-11.1096
9.83333,6.5649e+07,-1.12945e+08,-2.48481e+07,27.5036,3.71715,0.821873
9.83333,1.446e+08,-4.51514e+07,1.31517e+07,5.679,33.0809,-9.58281
9.83333,1.46414e+08,3.47888e+07,-1.19253e+07,-3.92398,25.8592,-8.93968
9.83333,-4.75729e+08,5.43377e+08,-1.62378e+07,-15.1466,4.22021,0.00189364
9.83333,-6.08673e+07,-1.43637e+08,-1.16774e+07,34.1463,-2.06965,-0.16064
9.83333,-6.88097e+08,6.13818e+07,-1.37019e+06,6.77509,-8.78116,0.204074
9.83333,689808,-7.23871e+07,2.19176e+07,43.99,-16.2195,4.86839
9.83333,1.1358e+08,1.17468e+08,7.23633e+06,-17.642,12.9352,0.770828
9.83333,-2.85891e+08,-4.46422e+08,6.47445e+07,14.8901,3.42173,-0.496379
9.83333,1.12767e+08,-5.2936e+07,1.16797e+07,22.8716,20.2259,-4.61851
9.83333,7.52445e+07,-1.89522e+08,-5.66928e+07,18.6556,14.7349,4.41742
9.83333,-8.64908e+07,1.26289e+08,3.63838e+07,-19.8033,-18.504,-5.35614
9.83333,-4.59689e+08,2.66648e+08,5.06116e+07,-13.777,-4.23378,-0.807605
9.83333,-1.55624e+07,9.29574e+07,3.22906e+07,-38.3745,-11.2016,-3.93388
9.83333,1.12125e+08,-8.21837e+07,-2.23817e+07,19.9203,14.5219,3.96246
9.83333,1.13588e+08,-2.07161e+08,-7.51956e+06,12.8391,26.3752,0.953274
9.83333,6.1289e+07,1.2523e+08,-1.49613e+06,-26.5301,0.849948,-0.005553
9.83333,-5.79136e+07,3.20095e+08,-5.77008e+07,-18.7288,9.91091,-1.58742
9.83333,1.28678e+08,6.67954e+07,2.03111e+07,-14.7788,28.5243,8.66409
9.83333,-8.24514e+08,5.51723e+07,-5.7872e+06,-6.80673,-6.55572,0.777443
9.83333,-6.30342e+08,-7.09605e+07,-7.20144e+06,-4.67098,-9.32795,-1.02325
9.83333,9.55141e+07,-1.39945e+08,2.14075e+07,19.7733,9.91114,-1.51859
9.83333,1.46414e+08,3.47893e+07,-1.19251e+07,-4.61109,26.1922,-8.89811
9.83333,-1.74687e+07,-3.27902e+08,-4.56652e+07,17.2953,13.1275,1.87537
9.83333,-5.65758e+08,-3.64419e+08,5.04782e+07,7.0287,-5.38567,0.770073
9.83333,7.61238e+07,1.39744e+08,-3.87309e+07,-22.5886,8.39157,-2.31292
9.83333,4.66851e+06,3.31159e+08,2.80698e+07,-16.279,13.1958,1.11658
9.83333,-2.05602e+08,-1.47014e+08,4.2539e+07,17.997,-11.1274,3.19857
9.83333,-3.22064e+08,4.1061e+08,-4.38773e+07,-11.6826,-1.66363,0.129831
9.83333,-1.36259e+08,-2.33051e+08,-4.00214e+07,25.303,2.7117,0.494417
9.83333,-6.28429e+08,4.56873e+08,3.99699e+07,-7.44549,-3.58842,-0.445467
9.83333,1.45287e+08,-5.80766e+07,-6.70548e+06,7.90894,19.4296,2.32087
9.83333,6.0071e+07,2.39508e+08,-4.06867e+07,-18.3737,18.8779,-3.32155
9.83333,1.22461e+08,8.74386e+07,-2.93652e+07,-16.0292,22.7308,-7.62859
9.83333,-9.51935e+07,1.68356e+07,-5.78669e+06,-3.85109,-38.1766,13.4552
9.83333,-3.42486e+08,-2.21701e+08,4.95592e+07,8.54548,-9.57503,2.13056
9.83333,-1.35014e+08,-2.32735e+08,4.05189e+07,24.8281,1.74321,-0.197808
9.83333,1.38581e+07,-6.76925e+07,1.35263e+06,48.1261,-13.4768,0.257358
9.83333,-6.89181e+07,-7.53053e+07,7.90331e+06,33.1282,-24.2327,2.50219
9.83333,-6.18841e+08,3.0264e+07,3.1614e+06,5.07551,-9.24381,-1.01992
9.83333,-1.66045e+07,7.27078e+07,1.79102e+07,-42.8606,-21.1495,-5.38074
9.83333,5.03011e+07,-2.02293e+08,-5.31133e+07,20.2388,11.545,3.07006
9.83333,1.1413e+08,1.06672e+08,3.23775e+07,-17.8359,26.2545,7.97223
9.83333,-7.11137e+07,2.4545e+08,1.22624e+07,-17.2264,-5.31129,-0.137216
9.83333,1.4905e+08,-3.98878e+07,-1.1352e+07,2.14843,29.5562,8.42151
9.83333,-5.79133e+07,3.20096e+08,-5.76996e+07,-18.8501,9.76003,-1.41373
9.83333,-3.93872e+08,-4.55547e+08,5.65417e+07,11.7771,-0.565205,0.0702493
9.83333,8.15083e+07,1.1733e+08,3.90258e+07,-23.8043,10.338,3.43078
9.83333,-3.36889e+08,-4.34623e+08,6.53348e+07,13.9945,1.32903,-0.203645
9.83333,1.48594e+08,2.95478e+07,3.1536e+06,-3.20085,19.4166,2.07762
9.83333,-2.90717e+07,1.26937e+08,-5.21053e+07,-28.5318,-8.98925,3.71911
9.83333,-1.89096e+08,-4.70595e+08,-8.16044e+06,14.3478,5.89484,0.0383885
9.83333,-1.7468e+07,-3.27902e+08,-4.56647e+07,17.3594,12.9754,1.61589
9.83333,1.33338e+08,4.90835e+07,-1.08137e+07,-13.0038,18.4285,-4.07971
9.83333,-4.52353e+08,7.08465e+07,-1.51836e+07,1.17289,-11.8765,2.46251
9.83333,1.11509e+08,6.05859e+07,-1.74884e+07,-22.9189,22.1712,-6.36911
9.83333,7.99159e+07,1.47384e+08,1.40375e+07,-21.6563,7.91564,0.749882
9.83333,-2.22665e+08,3.28004e+08,-6.19337e+07,-14.6617,-2.02849,0.422805
9.83333,1.28831e+08,-6.38135e+07,-1.36319e+07,14.583,16.7131,3.58878
9.83333,-1.7301e+08,-2.39783e+08,-4.91259e+07,23.0165,0.364175,0.0794907
9.83333,6.91392e+07,8.54738e+07,9.8907e+06,-35.1503,16.0686,1.84076
9.83333,-4.66328e+08,-6.70252e+06,-1.11784e+06,5.73601,-11.3948,-2.29891
9.83333,-7.12229e+08,2.53054e+08,2.7227e+07,-12.3838,-3.81151,-0.412611
9.83333,8.15064e+07,1.17329e+08,3.90252e+07,-24.3345,10.3181,3.34983
9.83333,-5.79144e+07,3.20094e+08,-5.76996e+07,-19.1206,9.20854,-2.07331
9.83333,-2.10759e+08,1.34906e+08,-3.25452e+07,-8.06932,-16.9939,4.34904
9.83333,1.35302e+08,-2.30656e+07,-59004.8,14.5926,21.634,0.0339401
9.83333,-6.39931e+08,1.10422e+08,2.19456e+07,-3.25336,-8.27725,-1.49709
9.83333,-3.74611e+08,2.54917e+08,5.28267e+07,-7.41601,-8.89336,-1.8504
9.83333,-1.36257e+08,-2.33051e+08,-4.00219e+07,25.4442,2.68912,0.201139
9.83333,1.39653e+08,-3.06135e+07,6.02573e+06,9.55432,19.7302,-3.88178
9.83333,1.06148e+08,1.40903e+08,4.38001e+07,-17.3671,20.0609,6.24662
9.83333,1.25267e+08,7.79264e+07,3.04429e+07,-15.3061,22.0871,8.79117
9.83333,4.93992e+07,-1.20317e+08,3.3675e+07,28.3684,1.16573,-0.332319
9.83333,-5.36957e+07,8.08713e+07,2.38833e+07,-24.6039,-28.5769,-8.01453
9.83333,-3.00106e+07,-6.62874e+07,-1.93173e+07,33.404,-31.74,-9.70706
9.83333,-1.3853e+08,2.29341e+08,-6.2628e+07,-17.3534,-5.7318,1.61702
9.83333,9.74664e+07,1.12492e+08,-3.88207e+07,-21.8543,21.0187,-7.24519
9.83333,-4.53584e+08,-2.67271e+08,-2.46327e+07,4.33568,-9.25366,-0.849034
9.83333,-1.74658e+07,-3.279e+08,-4.5665e+07,17.0921,12.6515,1.90089
9.83333,1.06305e+08,1.67808e+08,40165.2,-16.0269,15.0842,0.00145915
9.83333,1.30835e+08,1.40519e+08,-1.30934e+06,-11.3696,31.4328,-0.290209
9.83333,-1.00423e+07,-7.03637e+07,-1.62754e+07,40.1806,-25.3478,-5.82998
9.83333,1.54401e+08,6.17344e+07,-1.06918e+07,-1.66049,28.4919,-4.91485
9.83333,-4.09273e+08,5.08607e+08,4.07433e+07,-11.786,0.193857,-0.106572
9.83333,-9.18297e+06,-1.29536e+08,-4.51618e+07,28.3062,-8.25171,-2.85273
9.83333,-3.61163e+08,-4.03351e+08,-3.74829e+07,9.22564,-4.54511,-0.255341
9.83333,-2.05843e+08,4.25695e+08,-3.64387e+07,-17.1444,7.45903,-0.620387
9.83333,-3.35749e+08,-1.3036e+08,-2.73545e+07,14.4091,-10.1966,-2.09686
9.83333,2.11851e+07,8.11397e+07,2.33256e+07,-41.5362,-7.31957,-2.05592
9.83333,-8.73355e+07,-2.21756e+08,5.73908e+07,18.7027,-5.24113,1.34341
9.83333,1.46349e+08,-6.37034e+07,1.80649e+07,6.05411,23.4627,-6.55762
9.83333,1.24172e+08,-1.07103e+08,-7.04796e+06,15.2648,15.6072,1.26734
9.83333,-5.79136e+07,3.20094e+08,-5.76993e+07,-18.8879,9.34222,-1.80853
9.83333,-2.90325e+08,-1.27816e+08,3.06422e+07,4.20981,-15.4004,3.6862
9.83333,-5.65759e+08,-3.64419e+08,5.04764e+07,7.03393,-5.19254,0.69021
9.83333,-2.34065e+08,-7.58351e+07,3.73104e+06,-1.2311,-20.9531,1.00888
