1990000000.0,-147000000.0,0.0,0.0,0.0,0.0,0.0
330.0,-124000000.0,-39800000.0,0.0,51.08,29.49,0.0
73.4,0.0,0.0,0.0,0.0,29.21,0.0
2750.0,41000000.0,50300000.0,0.0,-6.76,25.23,0.0
642.0,-27000000.0,207000000.0,0.0,-20.39,11.77,0.0
486.0,43000000.0,-190000000.0,0.0,15.7,15.7,0.0
9.83333333333,-2764.81284791,4561.22403424,3419.90664515,-4.86349990522,38.3135133004,6.01585588593
9.83333333333,5074.05235212,-1599.8644289,3221.7625668,8.92561431503,27.4757261499,5.66730654126
9.83333333333,-4210.31832982,4280.18580544,3429.57403594,-7.4062455307,37.8191473254,6.03286150502
9.83333333333,-5160.10506783,2044.80577152,-3434.09333085,-9.07698708335,33.8869569092,-6.04081126205
9.83333333333,6.389806078,421.840350848,6955.3423542,0.0112401174923,31.0320467928,12.2349355061
9.83333333333,3968.43128463,-3692.41691919,-3159.60198653,6.98074923635,23.7947794103,-5.55796171653
9.83333333333,2482.47418941,4407.94130704,3279.27511591,4.36684638313,38.0438782219,5.76847515286
9.83333333333,-2876.32582794,-121.665198163,-6089.82611777,-5.05965906595,30.0759823748,-10.712431682
9.83333333333,-463.827772252,6782.25967118,1300.97143496,-0.815905614767,42.2204709152,2.28850008977
9.83333333333,-1543.23068875,-2072.52385453,-6353.33651872,-2.71465112517,26.6442850368,-11.1759649772
9.83333333333,8.07348921486,-1526.78341803,5726.03906327,0.0142018343343,27.6042807787,10.0725047132
9.83333333333,2335.69549019,6113.06108882,586.825918745,4.10865234649,41.0433036273,1.03226798963
9.83333333333,2091.90495413,-4623.96751285,-3258.19320236,3.67980767807,22.1561165158,-5.73139058684
9.83333333333,1967.47729123,-4549.96085161,-3779.67841759,3.46093068349,22.2862994286,-6.64871969169
9.83333333333,-1664.61354023,294.694379962,6559.21093154,-2.92817208271,30.8083881036,11.5381125229
9.83333333333,984.854075041,2661.80934202,-5279.98662668,1.73242746041,34.9723095069,-9.28786716175
9.83333333333,-4275.54278059,-3449.40845731,-2105.56812403,-7.52097991873,24.2222483553,-3.70384215316
9.83333333333,-4281.17039879,5109.42306437,-95.4080873632,-7.53087929424,39.2778338811,-0.167829523868
9.83333333333,167.638344601,2228.74413759,-5709.66150625,0.294887617328,34.2105174087,-10.0436954405
9.83333333333,4264.76215011,-2435.16838701,3811.11250672,7.50201603285,26.0063678444,6.70401446133
9.83333333333,-473.544911881,5550.36376571,-2230.93177369,-0.832998745574,40.0534795313,-3.92436561415
9.83333333333,-2441.37797187,-4444.95204907,-4052.10369388,-4.29455525129,22.4710172845,-7.12793487851
9.83333333333,-975.740057238,6672.8755796,-1799.89902206,-1.71639526324,42.0280566187,-3.16614874305
9.83333333333,-1104.35631489,5691.27610569,2400.97590512,-1.94264029006,40.3013542302,4.22348517942
9.83333333333,3661.0053153,-5307.02410586,-1917.54242442,6.43996537324,20.9545720142,-3.37309174705
9.83333333333,1427.39068707,4486.46708896,3731.47406894,2.51088042958,38.1820105853,6.56392485819
9.83333333333,-2500.26413857,4441.17825588,-3376.6576987,-4.39814015266,38.1023443483,-5.93977795279
9.83333333333,-4139.25477549,4859.40174876,-64.4896522928,-7.28123974956,38.838028834,-0.113441825927
9.83333333333,-1879.80420426,182.19629654,5536.57743674,-3.30670756835,30.6104960768,9.73922841079
9.83333333333,1527.14819739,-5416.42231231,3229.68691417,2.68636089378,20.7621328887,5.68124602461
9.83333333333,-5559.44186841,-134.087217296,2999.74323455,-9.77944855131,30.0541311711,5.27675894879
9.83333333333,-4507.53662509,-2423.74102054,-4072.71119481,-7.92907337852,26.0264693843,-7.16418491941
9.83333333333,-2493.98211167,1692.18174767,-5969.47332662,-4.38708962631,33.266666495,-10.5007226729
9.83333333333,4117.53318818,443.559238866,5067.71688954,7.2430299525,31.0702518416,8.91446979156
9.83333333333,5991.2380765,-2039.6434206,-1854.73995337,10.5390083959,26.7021240285,-3.26261779138
9.83333333333,-2127.27694294,-5424.41721143,1528.06932435,-3.7420294897,20.7480692998,2.68798122078
9.83333333333,-587.434166583,273.475630137,6159.12119527,-1.03333794027,30.771062833,10.8343265882
9.83333333333,-5137.47267592,4304.93614054,-288.329122552,-9.03717511706,37.8626849025,-0.507191168931
9.83333333333,4458.21582747,-3422.22564133,2233.75707996,7.8423146329,24.270064837,3.92933552624
9.83333333333,4531.51612517,4398.41531433,-1925.21325412,7.97125500265,38.0271213319,-3.38658527504
9.83333333333,6269.90793963,29.5247903257,-931.619984632,11.0292082494,30.341936179,-1.63878495805
9.83333333333,-2476.05134855,-4507.99018051,-3207.77626024,-4.35554815513,22.3601287857,-5.64270364609
9.83333333333,5635.34650073,65.5820317005,-3421.72318418,9.91297012851,30.405363398,-6.0190513056
9.83333333333,3859.32944752,123.531305061,4419.28706083,6.7888314453,30.5073002382,7.77383619935
9.83333333333,-4964.97574436,-3760.00563952,-514.827004733,-8.73374090417,23.6758861061,-0.90561684514
9.83333333333,-4845.37976364,-2162.67161914,-3140.4436269,-8.52336317775,26.48570879,-5.52426081692
9.83333333333,3249.95959129,1002.17801295,5042.37998557,5.71690708692,32.0529014834,8.86990039867
9.83333333333,1883.06052009,-5380.98231094,1923.57466248,3.31243565652,20.8244743392,3.3837028773
9.83333333333,-3814.50457364,-4014.54515952,3001.34095657,-6.70998134517,23.2281332203,5.279569454
9.83333333333,-2623.67632605,-2338.88327839,-5803.96444916,-4.61523085469,26.1757401103,-10.2095809377
9.83333333333,-4772.39542773,-2637.70976556,2419.55053153,-8.39497860697,25.65008334,4.25615925133
9.83333333333,566.247112426,-3055.97029545,-5045.30084655,0.99606842456,24.9143337036,-8.87503839821
9.83333333333,-1165.62487493,3982.67826354,4332.08939766,-2.05041598857,37.2958106725,7.62044938806
9.83333333333,4297.31867335,-4965.35776364,-790.231091033,7.5592852429,21.5555870971,-1.39007196789
9.83333333333,-5471.95154997,-1805.38875001,-2798.24948671,-9.62554693886,27.1141944401,-4.92231730032
9.83333333333,2008.66502556,-1831.4623063,-6103.30929649,3.5333827998,27.068329224,-10.7361495399
9.83333333333,2172.85196071,4658.84029346,4118.321888,3.82219914558,38.4852271536,7.24441733087
9.83333333333,-5856.85219063,496.012082647,-2158.5534001,-10.302614188,31.1625200763,-3.79704697364
9.83333333333,3149.0900509,3526.21522871,-3818.81744843,5.53947048375,36.4928601479,-6.71756799473
9.83333333333,-4513.56388446,-3576.29881959,1994.33677947,-7.93967575089,23.9990392996,3.50817840899
9.83333333333,-4649.18852717,-3363.17581706,-3671.22093219,-8.17824901905,24.3739376235,-6.45793536053
9.83333333333,2853.96361044,-5760.5773882,576.582516081,5.02032235541,20.1567399485,1.01424912519
9.83333333333,3364.20598758,4204.44544821,-2438.75470018,5.91787451875,37.6859147196,-4.28994073221
9.83333333333,3251.53658974,3403.31878982,-4464.05176654,5.7196811379,36.2766766838,-7.85258045944
9.83333333333,-2245.74044704,-4796.04497429,2881.30838268,-3.95041511023,21.8534201803,5.06842372955
9.83333333333,-4368.29244749,-4499.28952054,485.223466221,-7.68413309438,22.3754338574,0.85354214256
9.83333333333,2111.10095127,1285.54147389,5802.85909977,3.7135747847,32.551357705,10.2076365506
9.83333333333,2980.45758824,-5538.97601428,1904.70941474,5.24283414297,20.5465523229,3.35051758208
9.83333333333,2765.63290176,5175.82681109,-2411.76305189,4.86494243752,39.3946427335,-4.2424605279
9.83333333333,-5852.15872782,2515.3511092,-953.952489851,-10.2943580574,34.7146791932,-1.6780694026
9.83333333333,2567.0190565,-695.351587856,-5526.13705388,4.51556673988,29.0668277393,-9.72086304436
9.83333333333,2809.64545539,4894.6341248,-2866.34115955,4.94236360928,38.900005057,-5.04209533328
9.83333333333,-392.266562688,3447.26243151,-5528.25848844,-0.690024423135,36.3539766347,-9.72459479669
9.83333333333,-1773.03987869,5120.57356711,2410.64685177,-3.11890162421,39.2974483982,4.24049705354
9.83333333333,-3778.83683841,4918.34205354,837.216528078,-6.64723929484,38.9417089681,1.4727226503
9.83333333333,-1079.17578567,3033.37581448,5237.46092429,-1.89834597134,35.6259210181,9.21306146569
9.83333333333,-466.408720027,3814.63846834,4886.85637302,-0.820445683101,37.0002168754,8.59632344555
9.83333333333,1646.98306459,-4571.37785419,4027.04416323,2.89715883829,22.2486254175,7.08385340478
9.83333333333,575.852041911,-4604.99640866,3865.98400636,1.01296416984,22.18948802,6.80053728149
9.83333333333,16.9462527073,-3240.63327587,-5989.24878249,0.0298096482364,24.5894985567,-10.5355090881
9.83333333333,3857.41965718,4688.50351685,1043.89171838,6.78547199001,38.537406846,1.83627881983
9.83333333333,-2607.08676849,2092.29977,5683.64391203,-4.58604865826,33.9705021869,9.99792866574
9.83333333333,3725.69049857,4301.02589413,2202.76958953,6.55375115188,37.8558065045,3.87482635507
9.83333333333,-5464.55079785,-2576.45183846,-2636.57621602,-9.6125284963,25.7578403344,-4.63792266678
9.83333333333,-3627.00474606,599.327099146,5145.86083473,-6.38015598491,31.3442584436,9.05193047731
9.83333333333,3784.41420362,2686.09935108,4666.0963975,6.65705027181,35.0150373382,8.20799114999
9.83333333333,-3596.19985487,-4981.18332795,1217.89734648,-6.32596801862,21.5277488184,2.14236693585
9.83333333333,-484.295499918,5481.19224991,3889.51583304,-0.851909784683,39.9318019788,6.84193141669
9.83333333333,3987.547001,1996.86880696,4841.63456279,7.01437512348,33.8026324231,8.51677510653
9.83333333333,-1417.42536016,-4670.18209626,4253.15581542,-2.49335071993,22.0748218191,7.48159967532
9.83333333333,-647.805957388,1914.89118083,6481.32641791,-1.13953615875,33.6584280234,11.4011081955
9.83333333333,544.565509453,-3434.4743214,-5319.43383078,0.957928962758,24.2485185488,-9.35725756317
9.83333333333,263.994379232,-531.808879797,6578.68007262,0.464384646991,29.3545108444,11.5723601089
9.83333333333,4759.51685176,647.690941331,-3653.24256018,8.37232428769,31.4293338374,-6.42631014199
9.83333333333,-4513.75998853,131.710262548,-3914.36262729,-7.94002071173,30.5216875986,-6.88563867216
9.83333333333,-4395.7126366,-4257.4931194,-2101.9305144,-7.73236713208,22.8007707025,-3.69744334243
9.83333333333,-5007.48154647,1381.77018391,3475.12311794,-8.80851159423,32.7206307617,6.11298553807
9.83333333333,-857.881326439,6154.78226317,63.190133974,-1.50907348141,41.116694102,0.111155881971
9.83333333333,-2230.88041685,-5329.07514509,-3107.28216573,-3.92427527387,20.9157826881,-5.46592747858
9.83333333333,-2006.26929148,1275.51900574,6345.76070132,-3.52916853534,32.5337274799,11.1626385825
9.83333333333,272.625230486,-5721.43460958,-2481.01608195,0.479566920284,20.2255948441,-4.36428146974
9.83333333333,-4804.68252257,3173.15941896,2453.24104372,-8.45177387353,35.871810192,4.31542322753
9.83333333333,2690.94985281,-1217.24872872,5733.58942195,4.73356971125,28.1487740283,10.0857863241
9.83333333333,-1376.52575269,5926.06858546,2164.85169778,-2.421405439,40.7143706859,3.80812612143
9.83333333333,4870.41786736,3527.49415527,-1956.3130153,8.56740696002,36.4951098695,-3.44129193834
9.83333333333,-133.860411585,5853.55802961,-3442.60577843,-0.235469861748,40.5868195275,-6.05578525497
9.83333333333,2928.8929869,4586.13863234,-4154.16737889,5.15212838908,38.3573398276,-7.3074720659
9.83333333333,5361.27993518,-2136.74378947,1985.32781161,9.43086779865,26.5313176626,3.49233100205
9.83333333333,-5853.67502982,-3241.56287579,-191.837099433,-10.2970253391,24.5878633251,-0.33745492597
9.83333333333,4085.16882969,2989.08869436,-3482.62655039,7.18609877377,35.5480168646,-6.12618460255
9.83333333333,-5245.92068432,-2728.78696784,2683.00182829,-9.22794277751,25.489872147,4.71958857812
9.83333333333,3531.09689056,4759.09787285,1576.12994607,6.21144733379,38.6615872744,2.77252322852
9.83333333333,5610.60192817,-3049.66723392,-1172.68809327,9.86944268815,24.9254212314,-2.0628406855
9.83333333333,3695.43736179,-1696.95439791,-4878.72607821,6.50053376033,27.3049380781,-8.58202168619
9.83333333333,3941.28158807,-985.247243494,5265.11038466,6.93299101404,28.5568809287,9.26169880764
9.83333333333,3673.41702859,-5251.91075178,-605.302360613,6.46179844828,21.0515202733,-1.06476934802
9.83333333333,2145.40287373,-3346.59366179,-4752.6537762,3.7739142745,24.4031067988,-8.36025165596
9.83333333333,5193.71145122,-3890.88857363,580.239407354,9.13610307109,23.4456538362,1.02068185368
9.83333333333,-4921.51366837,2293.83544292,-3278.82705033,-8.65728806121,34.3250175845,-5.76768697403
9.83333333333,-4440.10815066,-1879.39640959,-4083.63701578,-7.81046195812,26.9840097711,-7.18340420555
9.83333333333,4294.71009968,3391.20613494,-2894.36201396,7.55469657867,36.2553696735,-5.09138598341
9.83333333333,4022.22590159,-4333.17250921,-3476.82713938,7.07537774428,22.6676453427,-6.11598303143
9.83333333333,-1872.71258036,3057.50082556,-5176.24956601,-3.29423290405,35.6683586063,-9.10538638909
9.83333333333,-4380.01079484,3389.85181972,-2535.83893497,-7.70474649006,36.252987338,-4.46071871708
9.83333333333,334.356015594,5134.20446352,3200.42530065,0.588155705144,39.321426102,5.62977279209
9.83333333333,-1272.95453695,2076.87955861,5953.49665085,-2.23921639922,33.9433769525,10.4726185785
9.83333333333,-4811.46591737,-1609.47408638,-3800.01969375,-8.46370634122,27.4588220877,-6.68450142453
9.83333333333,2977.05437285,1655.02147095,5320.20617138,5.23684764817,33.2012989594,9.35861616452
9.83333333333,3635.73381609,772.629876456,-5326.38197049,6.39551103191,31.6491101957,-9.36947982872
9.83333333333,-3982.74855551,-3978.49412193,2984.98445493,-7.00593432098,23.2915495264,5.2507972193
9.83333333333,-5712.21704387,-2450.47026611,-682.802180813,-10.0481908106,25.9794507648,-1.20109697269
9.83333333333,-4457.84130531,2432.40053056,-3997.76934233,-7.84165582213,34.5687633018,-7.03235693955
9.83333333333,-3222.14707448,1968.80683916,5347.36898013,-5.66798291725,33.7532694516,9.40639745209
9.83333333333,2201.07873312,-5188.07484804,2887.82818657,3.87185201994,21.1638121096,5.07989252232
9.83333333333,-4160.62008224,-4639.38675301,-1780.63509196,-7.31882282411,22.1289929898,-3.13226213758
9.83333333333,1561.40498114,-4046.62168981,3972.52328963,2.74662098142,23.1717083515,6.98794736043
9.83333333333,-3405.89409857,-5284.40092908,-375.352877473,-5.99120683272,20.9943677704,-0.660272063404
9.83333333333,-34.1855682561,-4403.26808176,-4339.53615989,-0.0601348145859,22.5443423095,-7.63354876563
9.83333333333,4177.84989563,4766.26089154,425.673286134,7.34913127549,38.6741875271,0.748789195021
9.83333333333,2967.25009557,5016.17586762,-1978.88068076,5.21960123611,39.1138055155,-3.48099004625
9.83333333333,-5009.41618477,-2319.2274941,3500.55642378,-8.81191475883,26.2103160148,6.15772450861
9.83333333333,6162.29574963,-1723.36810712,-2455.40663894,10.8399108522,27.2584745092,-4.31923266156
9.83333333333,-4193.36827252,4244.94249303,-1844.12677079,-7.37642918991,37.7571518646,-3.24394845812
9.83333333333,3082.3080398,4225.27897663,-3403.26722872,5.42199623776,37.7225623588,-5.98658598424
9.83333333333,-589.707281213,3586.35651305,5177.93058467,-1.03733650849,36.5986528893,9.10834341893
9.83333333333,4845.1664465,-3212.42245554,-2151.99227935,8.52298793794,24.6391233702,-3.7855055016
9.83333333333,2466.36243653,-5154.05124172,3135.56781282,4.33850467867,21.2236620218,5.51568391763
9.83333333333,-1064.98517893,-6025.7905433,2863.93301791,-1.87338369782,19.6902113892,5.03785924306
9.83333333333,4165.83648539,-2318.33491753,3363.31475923,7.32799884347,26.2118861196,5.91630678552
9.83333333333,1283.23058358,3436.89085554,5090.44946464,2.25729268669,36.3357323044,8.95445798711
9.83333333333,-1166.92729432,-5602.32297473,1247.62173427,-2.05270703572,20.4351205722,2.1946542208
9.83333333333,-5331.70403576,-3900.05387761,-655.618431744,-9.37884171517,23.4295314231,-1.15327884962
9.83333333333,-6617.86354684,1056.535116,-1227.03318638,-11.6412865909,32.1485194439,-2.15843751963
9.83333333333,-3346.54518534,1086.55053516,5855.4550316,-5.88680792772,32.2013186734,10.3001564872
9.83333333333,3084.85576215,-1506.48170596,5539.05398528,5.42647786024,27.6399929155,9.74358483354
9.83333333333,-4719.98700587,-1616.09066038,4431.44309103,-8.30278851354,27.4471830695,7.7952195099
9.83333333333,-5388.15297726,1087.47925724,-2122.06509672,-9.47813936632,32.2029523608,-3.7328614863
9.83333333333,-4457.93135544,-41.6232887584,4304.41577264,-7.84181422662,30.2167817129,7.57176953881
9.83333333333,1904.456931,-514.40307791,6154.99014007,3.35007344545,29.3851288719,10.8270597721
9.83333333333,-4091.9937321,4783.64309882,-1676.02554862,-7.19810425624,38.7047640501,-2.94824660665
9.83333333333,-4632.30872963,-1640.36861079,-3966.96519572,-8.14855627012,27.4044764503,-6.97817028303
9.83333333333,-4496.36389416,4352.7887329,1507.68493268,-7.90941976042,37.946860972,2.65212364474
9.83333333333,4494.05794675,-1824.42144812,-3761.32410727,7.90536343704,27.0807145879,-6.61643317126
9.83333333333,2710.58399277,-1379.88066441,-5881.67466983,4.76810754186,27.8626930357,-10.3462786716
9.83333333333,-3182.5123123,-4077.90444856,3415.8167908,-5.598262588,23.1166797826,6.00866154499
9.83333333333,-5946.21202197,1524.81831978,1743.66981271,-10.4598044049,32.9722624755,3.0672376162
9.83333333333,-3655.50875826,4657.82924303,-2513.19513331,-6.4302965435,38.4834486449,-4.42088668024
9.83333333333,-4494.13095273,832.517486952,4463.77150129,-7.90549185968,31.7544567071,7.85208745318
9.83333333333,3322.53033039,-5745.08727655,643.132057276,5.84456411189,20.1839881424,1.13131444032
9.83333333333,6605.45054318,981.729367666,-1413.30655304,11.6194512461,32.0169308808,-2.48610544903
9.83333333333,4767.37706015,3359.29669668,-2791.82763816,8.38615094607,36.1992387314,-4.91102081788
9.83333333333,-954.646502565,-4390.14092317,-4702.88129948,-1.67929021968,22.567433903,-8.27269837508
9.83333333333,-588.5224471,3936.06821892,5182.98610121,-1.03525230211,37.2138203317,9.11723642744
9.83333333333,-11.164569454,5494.86670966,2347.19159388,-0.0196392614865,39.9558563135,4.12887479997
9.83333333333,-2015.98142088,5748.68596937,1066.40265251,-3.54625285282,40.4023422109,1.87587713337
9.83333333333,-1139.51766877,4463.45089308,3988.1274874,-2.00449158006,38.1415234808,7.01539623981
9.83333333333,4378.81661828,-349.851299152,-4534.5933714,7.70264584965,29.6745870032,-7.97666809481
9.83333333333,1669.64690501,-1125.21198043,6206.23722498,2.93702612473,28.3106731301,10.9172069923
9.83333333333,5545.461281,-196.782533166,3501.15110851,9.75485571654,29.9438457089,6.1587706008
9.83333333333,-2582.9273059,-5072.59557692,3604.54789218,-4.54355046743,21.3669482548,6.34065280233
9.83333333333,-4568.29633093,2553.79914761,-2845.36960677,-8.03595396676,34.782311992,-5.00520489962
9.83333333333,-4380.95303422,-2201.8832609,4441.26348564,-7.70640395528,26.4167327592,7.81249427348
9.83333333333,5181.14954892,-3498.8606424,-1611.27061468,9.11400580303,24.1352584899,-2.83433813169
9.83333333333,3386.08773939,3866.13956001,-4345.1502494,5.95636605642,37.0908109113,-7.64342434323
9.83333333333,-1760.56702145,5953.99520485,-1745.87192393,-3.09696099266,40.76349557,-3.07111128444
9.83333333333,3579.9296913,-2934.85696546,-4371.41340463,6.29734765864,25.1273805539,-7.68962307709
9.83333333333,-1200.36703439,-2983.02203062,5237.32897636,-2.11152988616,25.0426548228,9.21282936002
9.83333333333,2496.81725209,2913.65510044,-5015.79655296,4.39207683735,35.415323877,-8.8231382744
9.83333333333,6312.00437415,-1867.59138077,-391.714506385,11.1032588331,27.0047756456,-0.689053317341
9.83333333333,-3365.97146743,-3320.05353208,-3759.68261079,-5.92098012176,24.4497927502,-6.61354566371
9.83333333333,2106.24294937,-825.392294137,6492.47117318,3.7050292183,28.8380770073,11.4207126024
9.83333333333,3737.01141946,-4862.16504845,758.699421643,6.57366544651,21.7371103278,1.33460554773
9.83333333333,-2859.88474952,5277.50004417,3025.96541969,-5.03073805475,39.5734930885,5.3228856134
9.83333333333,189.184223483,-3829.7049314,-4490.48545485,0.332788330926,23.5532801584,-7.89907917298
9.83333333333,3779.61883932,-5192.69212444,-2020.40502973,6.64861488934,21.1556899963,-3.55403429134
9.83333333333,-5244.02915809,-1416.72790203,-3421.12080316,-9.22461545008,27.7978761579,-6.01799167511
9.83333333333,3338.81878703,-3415.93165585,-3767.94926739,5.87321665065,24.2811363993,-6.62808729303
9.83333333333,967.751773388,2933.55834228,-5398.9745942,1.70234331113,35.4503350767,-9.49717535026
9.83333333333,-4488.89460829,-3909.29641657,14.8997090744,-7.89628076219,23.4132731482,0.0262096343071
9.83333333333,-5506.12785019,-657.936328291,4061.3630053,-9.68566545032,29.1326438076,7.14422265734
9.83333333333,1827.12670541,3943.29709871,-5146.4818343,3.21404414962,37.2265364388,-9.05302285914
9.83333333333,-438.549910836,3936.39092238,5166.33106732,-0.771440081885,37.2143879897,9.08793905355
9.83333333333,2.36535001649,-5686.22939921,2864.46611112,0.00416081674018,20.2875232808,5.03879699145
9.83333333333,-1272.69675205,-4234.29275267,4292.14749182,-2.23876293748,22.8415817764,7.55018877155
9.83333333333,-2058.07565617,5857.02865414,-2362.65747972,-3.62029956794,40.5929245997,-4.15608037897
9.83333333333,-6893.47240086,-785.281602899,428.153541096,-12.1261019145,28.9086345292,0.753152137628
9.83333333333,312.333412882,-6155.12299304,3119.96299635,0.549416400861,19.4627065302,5.48823394991
9.83333333333,4455.57719161,4476.20531768,-528.4989105,7.83767308717,38.1639594091,-0.929666687231
9.83333333333,-3466.76250914,-2984.96066247,-4431.09063823,-6.09827864024,25.0392446333,-7.79459952069
9.83333333333,4458.55678833,-2410.13625828,4472.86866826,7.84291440698,26.0504011163,7.86809000856
9.83333333333,5009.88873611,-117.180579394,-4358.28974893,8.8127460098,30.0838711341,-7.66653764536
9.83333333333,-1495.8253087,3084.27792449,-5759.4083794,-2.63126173354,35.7154614032,-10.1312036829
9.83333333333,-5958.00748766,1924.49950763,798.252592951,-10.4805534572,33.6753297448,1.40418235292
9.83333333333,915.80934324,4986.21654608,3564.95259709,1.61097292984,39.0611049656,6.27100189845
9.83333333333,-2600.19889636,-4482.65432136,3670.58265256,-4.57393240761,22.4046963406,6.45681258186
9.83333333333,4101.05689834,3420.84213494,-3741.4226554,7.21404700195,36.3075014781,-6.58142512022
9.83333333333,4938.97104874,926.270324436,-4382.88985064,8.68799681889,31.9193745302,-7.70981095134
9.83333333333,3075.34087806,-2489.25734118,4710.05793759,5.40974051112,25.9112215767,8.28532258536
9.83333333333,-3884.42846105,4236.98688718,-2554.0079554,-6.83298237219,37.7431573954,-4.4926792996
9.83333333333,-1825.80360671,2707.83843147,5523.79228889,-3.21171672611,35.0532779068,9.71673843812
9.83333333333,-5043.69274558,4085.32832565,-803.859661087,-8.87220963571,37.4763793383,-1.41404557942
9.83333333333,6704.95977134,-77.870868511,-933.793358846,11.7944949645,30.1530196753,-1.64260807587
9.83333333333,-3657.30978254,510.684054552,5365.11773593,-6.43346467167,31.1883291049,9.4376187596
9.83333333333,2436.26615887,-4436.35828575,4480.21934704,4.28556321334,22.4861343175,7.8810203686
9.83333333333,154.905742522,-3546.60996344,5420.15698229,0.272490076369,24.0512640819,9.53443665803
9.83333333333,-4117.17921663,4428.1715083,1694.83385616,-7.2424072917,38.0794645662,2.98133174007
9.83333333333,-3984.31176815,2918.16017368,-3884.31446291,-7.00868412176,35.4232486171,-6.83278184146
9.83333333333,5073.60329937,-769.994447304,-3700.64535095,8.9248243997,28.9355257092,-6.50969497889
9.83333333333,-3557.31178892,-2552.3993702,4110.91699001,-6.25756118044,25.8001503147,7.23139159544
9.83333333333,5545.63565564,253.198297305,-2368.90284525,9.75516245378,30.7353935809,-4.16706641539
9.83333333333,-3184.78857189,-4243.31715046,3173.01271384,-5.60226668841,22.8257072271,5.58155212737
9.83333333333,-570.880335841,-403.871385323,6882.68980446,-1.00421858982,29.5795618791,12.1071345704
9.83333333333,5588.50648098,3496.70168515,-487.341436878,9.83057524532,36.4409437527,-0.857267801638
9.83333333333,-5996.18780225,-3390.97710432,252.874447211,-10.547715311,24.3250332074,0.444823905885
9.83333333333,3882.02240729,-3502.32035748,3545.47332719,6.82874995472,24.1291726082,6.23673649513
9.83333333333,3844.03767748,-1836.09162962,-4783.1632368,6.76193214823,27.0601859193,-8.41391993909
9.83333333333,-4247.34086677,-4660.83709567,-803.948963011,-7.47137077239,22.0912603312,-1.41420266777
9.83333333333,-3155.87824254,3963.19290123,3382.7723686,-5.55141138942,37.2615345522,5.95053408644
9.83333333333,2130.24192267,2454.3167513,-5110.22206296,3.74724509721,34.6073154727,-8.98923937571
9.83333333333,3399.50652921,-2282.84927696,-4701.54483895,5.97997064977,26.2743078527,-8.27034744719
9.83333333333,1196.91133559,4775.83591337,4482.5396376,2.10545106936,38.6910306628,7.8851019226
9.83333333333,725.226971139,-1952.91048425,-5794.17261408,1.27572515734,26.8546933527,-10.1923564124
9.83333333333,-6309.65473957,209.319855964,-499.004835322,-11.0991256609,30.6582083221,-0.877784538339
9.83333333333,3758.45208975,-1971.89837521,-4430.30702021,6.61138109081,26.8212923194,-7.79322108158
9.83333333333,4189.98745111,3873.68531283,3500.78225549,7.3704820877,37.1040844202,6.15812176244
9.83333333333,-462.07562264,-5791.66409542,2655.30157783,-0.81282346059,20.102056248,4.67086189283
9.83333333333,-4746.99061924,-2732.42560668,-3816.78931559,-8.35028976528,25.4834715259,-6.71400036668
9.83333333333,1544.14909007,1157.59127104,6336.69757308,2.71626665758,32.3262843153,11.1466959036
9.83333333333,-2778.46678218,-2069.15133599,-5393.7721257,-4.88751813419,26.6502175337,-9.48802384292
9.83333333333,-92.785874882,6534.71096997,-1363.8505776,-0.163216868019,41.7850153705,-2.39910891614
9.83333333333,5182.83780096,1870.63241331,-3455.066813,9.11697555689,33.5805737442,-6.07770508962
9.83333333333,3253.90986289,-4453.83499745,-3407.21382023,5.723855892,22.4553915547,-5.99352831578
9.83333333333,3300.74923196,-895.382530418,4950.39290354,5.80624963059,28.714959268,8.70808866336
9.83333333333,3675.94226834,-4239.72724948,-1398.07650042,6.46624052229,22.8320221149,-2.45931471725
9.83333333333,5936.46357842,-2869.59969529,-402.915331545,10.4426562083,25.2421726736,-0.708756355161
9.83333333333,3788.70027536,-3984.59108456,3001.1028858,6.66458977289,23.2808245411,5.2791506708
9.83333333333,-2259.07823191,-4033.09668224,-4413.93179896,-3.9738772102,23.1954997894,-7.76441591776
9.83333333333,1380.13401528,825.695200584,-6679.97478748,2.42775262622,31.7424558264,-11.7505446238
9.83333333333,-3261.43915137,4145.31481999,2768.37665499,-5.73710043903,37.5818997933,4.86976889208
9.83333333333,4670.15957461,4376.295705,-396.553027288,8.21513856379,37.9882113862,-0.697564615301
9.83333333333,-2810.60585832,510.916419861,5631.92735359,-4.94405302548,31.1887378518,9.90695560864
9.83333333333,2568.53748908,3428.79921414,4098.12334385,4.51823776938,36.3214985391,7.20888667364
9.83333333333,-4574.42521453,-3869.72004789,-1977.87150613,-8.0467351033,23.4828907592,-3.47921483724
9.83333333333,-2391.79231963,5118.16435898,3277.14143382,-4.20733060779,39.293210432,5.76472185625
9.83333333333,782.73829712,2197.96022096,-5696.90738322,1.37689161736,34.1563663381,-10.0212600427
9.83333333333,5661.0615925,1931.15532205,217.983697335,9.95820478027,33.6870377897,0.383448627321
9.83333333333,4438.94025738,-2998.91957577,3197.86932379,7.80840755185,25.0146899248,5.62527664935
9.83333333333,2128.73642443,-2790.64761478,-5462.92353481,3.74459682011,25.3810549261,-9.60966602636
9.83333333333,5033.15502553,4093.93804138,476.834978907,8.85367304631,37.4915244328,0.838786204453
9.83333333333,-3148.95402097,1819.85871453,5334.5741647,-5.53923119756,33.4912592434,9.38389047348
9.83333333333,4768.38771483,-4167.95521683,-571.832029608,8.38792875862,22.9582741592,-1.00589268598
9.83333333333,-195.72710002,-3199.31705798,5293.94794499,-0.344297710102,24.6621766846,9.31242610082
9.83333333333,-5772.16927008,1692.42906979,-2167.52442743,-10.1536509855,33.267101552,-3.81282764053
9.83333333333,-607.346566122,-3846.67699881,-4690.52366441,-1.06836524903,23.5234251003,-8.25096042742
9.83333333333,5583.9436885,-1983.69571613,2058.74747153,9.82254897302,26.8005399685,3.62148133832
9.83333333333,4886.27659537,-1389.26732761,-4253.71467285,8.59530357597,27.8461812362,-7.48258274477
9.83333333333,-5239.22809987,-2731.30403842,2330.39888513,-9.21617005161,25.4854444432,4.09933524633
9.83333333333,3129.36544574,2716.76263449,4895.87096537,5.5047735185,35.0689762064,8.61218074636
9.83333333333,-3649.48803394,2876.47902434,4357.58735883,-6.41970566674,35.3499285492,7.66530209186
9.83333333333,-4594.09045466,4113.08107889,-615.174426563,-8.0813276413,37.5251983797,-1.0821350051
9.83333333333,4775.49010669,-2161.24959875,3340.64764687,8.40042236452,26.4882102237,5.87643374352
9.83333333333,4871.50616454,1003.45221949,-3640.74413186,8.56932135117,32.0551429022,-6.4043245291
9.83333333333,-5332.28038164,-4000.4599133,3.30988568309,-9.37985554803,23.2529101572,0.00582232128955
9.83333333333,2688.63580128,5165.30496649,-46.5803125413,4.72949913214,39.3761340702,-0.0819380399658
9.83333333333,-2154.32281591,5891.92636997,-1433.15406882,-3.78960507903,40.6543121319,-2.52101862272
9.83333333333,2574.25984837,959.035467504,-6209.73863035,4.52830380112,31.9770107171,-10.9233662101
9.83333333333,244.945256113,-2429.73772266,-5332.41546349,0.430875902068,26.0159207643,-9.3800931665
9.83333333333,4840.47981511,4260.90422156,-424.04654206,8.51474382428,37.7852296657,-0.745927637988
9.83333333333,241.167715997,-4816.00623401,-4412.67856417,0.424230943799,21.8183069231,-7.76221138978
9.83333333333,2983.88886901,-2608.65300575,-5487.1308402,5.24887000674,25.7011962205,-9.65224837604
9.83333333333,-3827.17255164,1649.20854125,4552.23568985,-6.73226520785,33.191073608,8.00770217155
9.83333333333,-108.315241662,-4989.07090132,-4280.07882693,-0.190534114435,21.5138740231,-7.5289591427
9.83333333333,-1426.29100635,6276.36295211,-1118.57141033,-2.50894601399,41.3305630695,-1.96764564091
9.83333333333,4418.64127096,-4134.88992192,206.84464319,7.77270020964,23.0164383343,0.363854249054
9.83333333333,-1756.96264546,3510.55082295,4940.57575753,-3.09062064224,36.4653053584,8.69081961432
9.83333333333,-2808.62038259,-4725.38484972,3311.52203371,-4.94056043428,21.9777163002,5.82519974517
9.83333333333,3061.82346549,-4465.51968894,4018.69446968,5.38596243341,22.434837362,7.06916570762
9.83333333333,1876.74875002,5543.40182188,425.976389762,3.30133280984,40.0412329834,0.749322375582
9.83333333333,-1767.51393824,-3753.43534009,5133.89598843,-3.10918110701,23.687443724,9.03088347267
9.83333333333,2223.4775526,3209.73403238,-4858.79467458,3.91125311594,35.9361475047,-8.5469609479
9.83333333333,-5404.27743882,-1498.39084479,-1690.05191713,-9.50650342623,27.6542253084,-2.97291997359
9.83333333333,134.818073481,3069.96213728,-5145.78502478,0.237154456257,35.6902789285,-9.05179712229
9.83333333333,-3915.70568207,-3067.03406617,3529.65599678,-6.88800119981,24.8948717542,6.20891270048
9.83333333333,4354.45697142,-3938.90305792,1598.96484156,7.65979552063,23.3611929875,2.81269141283
9.83333333333,3393.46429891,-3162.48839657,-3874.99720453,5.96934194248,24.7269608856,-6.81639212985
9.83333333333,1950.80676567,922.220226981,-6516.33620031,3.43160605866,31.9122501244,-11.4626928606
9.83333333333,-433.320655321,-5126.94653165,3461.62771358,-0.762241454311,21.2713411097,6.08924617435
9.83333333333,4270.58716747,-3261.87878238,-3175.92790883,7.51226264736,24.5521262192,-5.58668016003
9.83333333333,4151.77792801,2494.74433064,-4391.72627337,7.30326885405,34.678430423,-7.72535483929
9.83333333333,3942.79446214,2519.59277391,-3852.98513982,6.93565226574,34.7221405792,-6.77767136264
9.83333333333,-2517.20102866,54.9307020658,-6306.29627042,-4.42793333139,30.3866269614,-11.0932178779
9.83333333333,-2962.95885275,-2137.24044371,5510.72577207,-5.21205263874,26.530444013,9.6937535177
9.83333333333,-3634.59510479,-4098.7021839,-2759.40071688,-6.3935079588,23.0800951061,-4.85397958678
9.83333333333,-2935.58105452,3326.20253967,-4915.38961769,-5.16389316957,36.1410237858,-8.64651542613
9.83333333333,1455.63980175,-3181.54558405,5679.52049506,2.56057260557,24.6934379549,9.9906752858
9.83333333333,-3751.196426,3144.9953794,-3537.9970987,-6.59861786888,35.8222676691,-6.22358528434
9.83333333333,22.9299072061,5421.18432074,-2503.76790577,0.0403353165869,39.8262438185,-4.40430352515
9.83333333333,3468.16188517,2021.42749147,4847.84333831,6.10074024091,33.8458328733,8.52769677856
9.83333333333,-1096.48762277,-6855.15915833,208.996707067,-1.92879870819,18.2312937689,0.3676398805
9.83333333333,5639.72896976,1983.10778277,-368.488135851,9.92067919921,33.7784258155,-0.648196500947
9.83333333333,570.494619625,6396.61161809,915.958766555,1.00354008792,41.5420889151,1.61123577594
9.83333333333,-5665.69061625,-2829.53124531,779.018058577,-9.96634755804,25.3126558901,1.37034745658
9.83333333333,3082.4115085,-4431.08493661,-3074.48622767,5.42217824646,22.4954105089,-5.40823712107
9.83333333333,5710.85652636,-584.080556494,-3161.376064,10.0457975648,29.2625612953,-5.56108244334
9.83333333333,-2657.02277898,4375.25223464,-3725.4779454,-4.6738896065,37.9863758486,-6.55337725592
9.83333333333,5047.49070664,-2663.75077198,-1954.96390677,8.87889051584,25.6042753815,-3.43891876171
9.83333333333,2763.80729597,3463.64278537,4869.79730941,4.86173106878,36.3827908271,8.56631535501
9.83333333333,3468.30554275,-1882.52886298,-5218.67762447,6.10099294468,26.9784995657,-9.18002032261
9.83333333333,-4204.56679141,3590.66528192,-2153.12177159,-7.39612817085,36.6062323162,-3.78749235776
9.83333333333,-1847.10234983,-3308.13102249,-5426.20096993,-3.24918271056,24.4707652816,-9.5450684566
9.83333333333,683.689593743,5173.84950555,-3994.56456441,1.20265799433,39.3911645142,-7.02671951019
9.83333333333,3166.2327424,6016.41762468,-32.6559600108,5.56962568163,40.8733009889,-0.0574441262951
9.83333333333,-4282.23640664,2812.71859134,-4206.18555082,-7.5327544769,35.2377694712,-7.3989756823
9.83333333333,4673.12209205,2308.48529387,4201.84249474,8.22034983995,34.3507877009,7.39133594174
9.83333333333,847.624076463,-1086.98635307,-6090.52155635,1.49103025858,28.3779146923,-10.7136550072
9.83333333333,2605.58145797,-4167.82120656,-3788.98515158,4.58340071137,22.9585098927,-6.66509089017
9.83333333333,4360.76971905,-3915.27961161,-1692.157775,7.67090008691,23.402748288,-2.97662432543
9.83333333333,5106.13504299,3319.22979181,-2985.87747019,8.98205002064,36.1287582328,-5.25236809582
9.83333333333,-2932.84736428,992.32705182,5561.28511916,-5.15908441652,32.0355729512,9.78269095878
9.83333333333,-3073.52643062,4571.61881009,2073.09488029,-5.40654877069,38.3317984409,3.6467194376
9.83333333333,-2040.06979948,-3473.78494155,-4611.05558674,-3.58862600192,24.1793684081,-8.11117049968
9.83333333333,-3692.68136143,451.834313447,-5187.47608263,-6.49568576222,31.0848082787,-9.12513461998
9.83333333333,3924.75598411,-4449.30291734,1903.86438274,6.90392131648,22.4633638018,3.34903111146
9.83333333333,-4748.04516089,3345.56069594,1375.11192101,-8.35214477807,36.1750761417,2.41891840981
9.83333333333,-5343.46836204,2556.13452359,-3009.26419105,-9.39953599102,34.7864200823,-5.2935069797
9.83333333333,-3754.46386285,-1391.62207584,4951.1320896,-6.6043655197,27.8420390687,8.70938894354
9.83333333333,2186.84150127,2453.99978952,5399.59645929,3.84680772957,34.6067579147,9.4982692546
9.83333333333,-1276.59713095,4309.48468002,-4237.09150681,-2.24562397779,37.8706861028,-7.45334142866
9.83333333333,3269.81002366,-4878.67527178,2622.17352082,5.75182539108,21.7080676859,4.61258731477
9.83333333333,4306.02048108,-3359.28831526,2635.55320301,7.5745923336,24.3807760121,4.63612311508
9.83333333333,1625.04133555,3990.24007922,-4453.34575646,2.85856179647,37.3091124371,-7.83374783608
9.83333333333,-814.309893791,6291.11143741,1648.78080269,-1.43242827241,41.3565066906,2.90032118582
9.83333333333,-4535.9969771,4245.85434208,1663.49672229,-7.97913713579,37.7587558711,2.92620752153
9.83333333333,5971.0054503,2345.37829231,600.709695814,10.503417786,34.4156850752,1.05669052821
9.83333333333,3893.03732191,287.655311411,4376.65431436,6.84812596284,30.7960058878,7.69884220526
9.83333333333,3716.71256782,4134.92320872,2923.58865341,6.53795834138,37.5636202195,5.14279769407
9.83333333333,-4005.20670082,-4593.38544717,-1394.87161399,-7.04543977528,22.2099125164,-2.45367709701
9.83333333333,-1147.65547426,-4260.47807474,-4483.21976062,-2.01880655123,22.7955199565,-7.88629830673
9.83333333333,874.593531386,6151.17631677,-113.435882805,1.5384714232,41.1103509891,-0.199541681706
9.83333333333,-2556.07722775,-3832.18808263,-4105.54818167,-4.49631929493,23.548912121,-7.22194748465
9.83333333333,-3709.60724643,-5449.37011472,585.105838072,-6.52545958223,20.7041753911,1.02924224696
9.83333333333,4340.07649671,4504.98288375,-1692.70950767,7.63449925603,38.2145811682,-2.97759486194
9.83333333333,-1555.57733394,4837.29454515,3272.75586268,-2.73636974087,38.7991407108,5.75700732873
9.83333333333,-2979.31689681,-2797.19894528,-4807.04017423,-5.24082758666,25.3695306758,-8.45592114832
9.83333333333,-4457.83164335,-2335.80913579,-4133.79433823,-7.84163882606,26.1811477429,-7.27163445707
9.83333333333,-2926.24134006,-4075.66113029,-3973.57668723,-5.14746395613,23.120625937,-6.98980036076
9.83333333333,-4042.39735015,-4245.13196693,2560.24479679,-7.11086073845,22.8225148375,4.50365034145
9.83333333333,3718.49552202,-1835.20241705,5045.83586454,6.54109468299,27.0617501067,8.8759795324
9.83333333333,-2104.85566381,4347.27892549,-3339.6684806,-3.7025888856,37.9371688339,-5.8747113213
9.83333333333,758.307760493,5830.29274843,-3627.40315709,1.33391658827,40.5458942645,-6.38085681788
9.83333333333,3387.32307812,-2845.74944183,-4379.72226149,5.95853910397,25.2841269439,-7.70423893964
9.83333333333,5570.35013062,137.514598267,-3004.05679687,9.79863695036,30.5318978327,-5.28434680775
9.83333333333,-4594.5055592,-3223.98754963,2661.57357078,-8.08205783933,24.6187795578,4.68189476877
9.83333333333,-475.701300365,-653.430396523,-5696.65351782,-0.836791984308,29.1405700579,-10.0208134757
9.83333333333,3908.82997179,2704.53660188,4514.96956658,6.87590634271,35.0474697567,7.94214844443
9.83333333333,2666.26115419,-1615.65121098,5694.99644617,4.69014055708,27.4479560919,10.0178985703
9.83333333333,2578.7041726,-3888.73167016,-4146.36348444,4.53612167946,23.4494479809,-7.29374446767
9.83333333333,5397.0626265,-1529.78251007,2803.21058863,9.49381206484,27.5990051653,4.93104422689
9.83333333333,4530.24939252,651.605496007,-4175.81127559,7.96902673098,31.4362198139,-7.34554519973
9.83333333333,4011.82307827,4325.82796415,-586.808825404,7.05707844772,37.8994350869,-1.03223792124
9.83333333333,-2851.27170211,5730.83428812,611.138775534,-5.01558709968,40.3709398503,1.07503601162
9.83333333333,2919.23868512,-4843.25795184,-1811.42489684,5.13514579446,21.7703692382,-3.18642356599
9.83333333333,5533.56827531,860.125184074,-3434.26935597,9.73393508457,31.8030205845,-6.0411209026
9.83333333333,4241.21619506,2998.14588062,4074.17655818,7.46059704487,35.5639490911,7.16676259645
9.83333333333,2605.70971779,-4752.11526365,-3751.73885698,4.58362632939,21.9306956254,-6.59957204306
9.83333333333,-312.040545816,-5231.37700053,-4498.03946549,-0.54890122713,21.0876405833,-7.91236720803
9.83333333333,-1576.66436457,3847.72400452,-4555.39194119,-2.77346330817,37.0584166563,-8.01325423926
9.83333333333,3548.321748,3462.34434898,3527.21300849,6.24174706732,36.3805067863,6.20461531256
9.83333333333,5899.24697732,-2211.96693706,1269.66017636,10.3771895942,26.3989948649,2.23342138765
9.83333333333,3408.83223368,-2572.25620309,-4473.18355208,5.99637521867,25.7652207516,-7.86864391131
9.83333333333,994.411150781,-4746.14846487,3607.00267711,1.7492390276,21.9411916434,6.34497094136
9.83333333333,-3232.03470625,-1133.69826489,-5181.08562817,-5.6853759557,28.2957451599,-9.11389336194
9.83333333333,-3887.20009323,4357.24087337,2208.93250946,-6.83785786779,37.9546925996,3.8856673639
9.83333333333,3713.84630287,4105.61650611,-2934.05869179,6.5329163801,37.5120676721,-5.16121522664
9.83333333333,-6221.18135727,1838.71450198,-1482.5985645,-10.9434947701,33.5244278973,-2.6079949619
9.83333333333,-3470.35025512,5197.70541787,865.091133639,-6.10458973729,39.4331287388,1.52175603844
9.83333333333,5492.64723412,2472.42971763,-2418.37558362,9.66195210023,34.6391774521,-4.25409243546
9.83333333333,1610.78697953,2523.4431033,-5207.34860652,2.8334873835,34.7289135789,-9.16009178468
9.83333333333,-433.249243491,-3665.90188397,5306.10613862,-0.762115835888,23.8414212187,9.33381321699
9.83333333333,-2977.88808201,-5341.92618031,2321.95911969,-5.23831420111,20.8931768149,4.08448910641
9.83333333333,-4586.4711765,-3241.97057409,-1978.14441352,-8.0679247961,24.5871461552,-3.47969490049
9.83333333333,5794.79129307,808.74498808,-579.662742749,10.1934447122,31.7126392126,-1.01966746015
9.83333333333,-4784.94901079,978.426823382,-3331.75719845,-8.41706124091,32.0111214735,-5.86079482058
9.83333333333,-311.23553144,5906.51901018,1884.10601498,-0.547485150327,40.6799816105,3.31427475542
9.83333333333,3160.36693287,3119.25304934,4311.54311172,5.55930731084,35.7769851033,7.58430702862
9.83333333333,-3596.28893934,-4368.32789186,-2306.12322069,-6.32612472446,22.6058045565,-4.05663264831
9.83333333333,-2900.01282796,5429.24703756,369.801407596,-5.10132616196,39.8404267034,0.650506638145
9.83333333333,3872.82115708,2630.69625189,4194.14151587,6.81256430961,34.9175793971,7.37778937927
9.83333333333,1417.95555705,4890.61041834,2864.33313178,2.49428337348,38.8929270748,5.03856307146
9.83333333333,2293.81546133,4846.23344541,-3142.7292255,4.0349824355,38.8148648639,-5.52828134531
9.83333333333,2079.82665564,-4279.42302171,4216.12349224,3.65856110305,22.7621944647,7.41645721896
9.83333333333,-1182.29034709,5424.65615868,2640.23320692,-2.07973172411,39.8323510252,4.64435557051
9.83333333333,129.191830802,3429.73504745,-5566.29895909,0.22725750039,36.3231447356,-9.79151065522
9.83333333333,6027.04837613,82.4057054208,748.383676833,10.602001227,30.4349574212,1.31645942839
9.83333333333,-2713.52568755,-4701.02216435,-3605.35526933,-4.7732821895,22.0205719741,-6.34207303541
9.83333333333,3627.70652848,671.040621538,-5445.00622539,6.38139046944,31.4704075642,-9.5781482212
9.83333333333,-4066.38824733,4776.68079785,872.735092182,-7.15306241088,38.6925168739,1.53520229817
9.83333333333,-4017.42054245,3919.61195883,2318.45636836,-7.06692478018,37.1848726149,4.0783275209
9.83333333333,1449.31294007,5281.15970053,-3637.57960738,2.54944321169,39.579930681,-6.39875790838
9.83333333333,-4065.7641273,-2197.24469471,3968.17210121,-7.15196453993,26.4248923228,6.98029331452
9.83333333333,-5975.75873343,-834.739457638,1401.54159695,-10.5117791447,28.8216346905,2.46541006532
9.83333333333,-604.145700889,-2771.24744751,5255.27654988,-1.06273470236,25.4151811823,9.24440040186
9.83333333333,4298.9155601,4255.20444428,1561.9111771,7.5620942788,37.7752033573,2.74751141566
9.83333333333,-1943.10472696,6061.44683289,1320.00714337,-3.41805763185,40.9525105275,2.32198523728
9.83333333333,2538.98522898,337.607045793,-5592.23050224,4.46625326914,30.8838744955,-9.83712606017
9.83333333333,6433.07545243,-1196.05837786,1547.57691613,11.3162313597,28.1860493432,2.72229644426
9.83333333333,-3769.74988767,-4594.52575871,-881.868000597,-6.63125471053,22.2079066283,-1.55126772525
9.83333333333,1829.94361143,-3413.38493136,-4779.24710254,3.21899928506,24.2856162665,-8.40703118398
9.83333333333,2545.76421,-3109.60312688,-4580.88214339,4.47817797267,24.8199897878,-8.05809329448
9.83333333333,-2486.48758455,-5785.08342399,1168.24454606,-4.37390622695,20.1136321111,2.055024174
9.83333333333,4346.81584818,4047.26860649,-1551.14611606,7.64635424841,37.4094296203,-2.72857491752
9.83333333333,1855.84173585,6237.43349332,1650.62187756,3.26455590412,41.2620834184,2.90355976576
9.83333333333,2268.1647398,-6211.34932007,-111.667426574,3.98986101552,19.3638004736,-0.196430843039
9.83333333333,-3438.86511708,-4576.8776752,2947.42227456,-6.04920516904,22.2389508462,5.18472270694
9.83333333333,3747.00971427,4940.42420909,-1499.81660505,6.59125314901,38.98055303,-2.63828270403
9.83333333333,-5115.42729145,-252.527203612,3325.96029438,-8.99839573806,29.84578692,5.85059765935
9.83333333333,-4493.29983059,3215.02178644,-3364.2924703,-7.90402985748,35.9454490354,-5.91802664792
9.83333333333,5062.42785259,2791.46647704,669.709152274,8.90516600423,35.2003855101,1.17806541628
9.83333333333,-4616.0990007,4152.78542828,1192.37264714,-8.12004221892,37.5950411177,2.09746719773
9.83333333333,-2815.88506455,4803.9366019,-3170.08931274,-4.95333951987,38.7404617467,-5.57640965961
9.83333333333,-3854.91906643,3028.43734009,4129.3188826,-6.78107327532,35.6172338949,7.26376181642
9.83333333333,201.67599366,1387.31475608,-6421.4749107,0.354762231663,32.7303840534,-11.2958251924
9.83333333333,5348.66382611,3222.80194726,-1996.75808357,9.40867517707,35.9591348845,-3.5124376529
9.83333333333,-739.032342135,5891.80872498,428.610206141,-1.30000977413,40.6541051861,0.753955443502
9.83333333333,-4254.19219451,-1304.46563318,-4243.71327118,-7.48342273889,27.9953533702,-7.46498957708
9.83333333333,3872.21952411,-759.396300133,4920.81382256,6.81150599498,28.9541685941,8.65605698329
9.83333333333,-3883.61042731,-1619.5541645,-4439.34596359,-6.83154339342,27.4410905226,-7.80912121757
9.83333333333,3941.02021606,4530.61817399,-1493.49079768,6.93253124232,38.2596754435,-2.62715516476
9.83333333333,3386.89736006,-4142.03802906,-3901.41551479,5.95779023601,23.003864312,-6.86286379231
9.83333333333,1297.69387927,-5768.33407473,1606.62997893,2.28273463921,20.1430953923,2.82617492761
9.83333333333,-3950.7570502,-4369.94980207,2593.17793546,-6.94965901716,22.6029515026,4.56158204447
9.83333333333,4014.3032156,-4750.83099709,2562.59566493,7.0614411834,21.9329547405,4.50778568356
9.83333333333,-1202.04370953,1142.37035566,-5834.46991079,-2.11447927545,32.2995096566,-10.2632421864
9.83333333333,-4007.87724218,2443.20359224,-4370.70014014,-7.05013744501,34.5877666457,-7.68836839479
9.83333333333,-2236.04056308,-5462.47370173,3030.6429621,-3.93335233336,20.6811252616,5.33111373889
9.83333333333,1682.91255165,-6295.12557901,-1317.11619861,2.96036132849,19.2164321525,-2.31689986248
9.83333333333,4593.91249969,4340.95780413,-685.309211443,8.08101460601,37.9260495377,-1.20550701557
9.83333333333,4462.67878781,-3257.38968698,-3662.84567488,7.85016529346,24.5600228531,-6.44320269493
9.83333333333,-5721.80310259,2965.64428446,-728.543970426,-10.0650533609,35.5067765016,-1.28155999195
9.83333333333,-5672.422692,732.341428328,3466.34010525,-9.9781897519,31.578239987,6.09753560214
9.83333333333,3878.25621691,4848.27607118,-1075.61069754,6.82212496142,38.8184579861,-1.89207473102
9.83333333333,-3758.2874063,4380.47718081,-2605.04081644,-6.61109140105,37.9955668957,-4.58244968495
9.83333333333,-469.374388244,6072.607769,-3184.46999218,-0.825662501702,40.9721433977,-5.60170628434
9.83333333333,-4587.03218643,1262.58489176,-4578.53207908,-8.06891165196,32.5109754653,-8.05395936637
9.83333333333,-816.879663073,4803.37559092,-4173.44101795,-1.43694867699,38.739474889,-7.34137575013
9.83333333333,2125.32956764,-5115.68743359,-3536.8190162,3.73860391982,21.2911466536,-6.22151295453
9.83333333333,4312.06370363,-2912.46478337,-3673.36336221,7.58522278634,25.1667699743,-6.46170404535
9.83333333333,-2948.46141259,-4937.10284116,-2043.06191819,-5.18655062368,21.6052894894,-3.59388934879
9.83333333333,3934.59634284,3307.92828819,3452.60137895,6.92123119834,36.1088780945,6.07336821804
9.83333333333,3537.8015209,-4180.22814818,-2871.46566603,6.22324124926,22.9366852113,-5.05110969994
9.83333333333,-4018.69414656,5554.25575007,-55.4032022937,-7.06916513922,40.060325805,-0.097458122458
9.83333333333,4518.56196191,4309.65580203,699.867484425,7.94846772003,37.8709871184,1.23111603982
9.83333333333,-1900.25652775,4766.42934992,3886.12711324,-3.34268464125,38.6744838572,6.83597042065
9.83333333333,2986.96553266,5505.01929007,1932.44554412,5.2542820741,39.9737154152,3.39930738089
9.83333333333,3914.10056708,-3474.59446376,3213.09047049,6.88517768986,24.1779444017,5.65205171502
9.83333333333,-1514.50066491,-2431.42824528,-5688.29347754,-2.66411299622,26.0129470163,-10.0061075779
9.83333333333,2012.72222808,-3633.60343438,4675.48706846,3.54051970387,23.8982364591,8.2245099995
9.83333333333,6138.30018374,-2084.82074786,1969.4603434,10.7977009672,26.6226539381,3.46441901147
9.83333333333,4309.83599858,942.834971718,4296.19853219,7.58130409676,31.9485129077,7.55731483596
9.83333333333,-3528.72922083,5022.73401672,-823.591083421,-6.20728243652,39.1253417602,-1.44875453657
9.83333333333,3818.75729179,1199.54027554,-4763.54644222,6.71746217497,32.4000755593,-8.37941262021
9.83333333333,1486.38598427,3377.82022683,-5498.00871794,2.61465729916,36.2318229214,-9.67138332667
9.83333333333,-3764.75549,3909.34887305,3521.48976749,-6.62246921438,37.1668191265,6.19454772983
9.83333333333,4719.42436893,-3479.32470471,177.857619415,8.30179879566,24.1696235758,0.312864039178
9.83333333333,-3882.99522089,260.137858776,-4948.06381151,-6.83046120213,30.7476007568,-8.70399162697
9.83333333333,-5056.915741,-1161.25669349,-3886.69920341,-8.89546981297,28.2472679493,-6.83697676742
9.83333333333,1059.8257097,3146.07740537,6096.86568884,1.86430782922,35.8241710288,10.7248147817
9.83333333333,-5682.60455771,1467.16306469,-1996.48799923,-9.99610036853,32.8708428341,-3.51196255558
9.83333333333,3385.30766822,2360.85126407,-5016.06897742,5.95499385645,34.4429031188,-8.82361748815
9.83333333333,-2368.47680182,-3308.13385621,-4219.69018454,-4.16631697508,24.4707602969,-7.42273128111
9.83333333333,-4543.72543438,2849.96864612,-4088.95178018,-7.99273203472,35.3032949327,-7.19275324926
9.83333333333,188.841154854,-620.317026141,-6199.78660158,0.332184849122,29.1988188012,-10.9058598928
9.83333333333,5107.56700459,-2179.98527637,-3539.8520028,8.98456894163,26.4552528514,-6.22684819089
9.83333333333,-4483.29981316,-504.558797193,-4716.01630279,-7.88643912477,29.4024456528,-8.29580376805
9.83333333333,-3957.52562551,-2694.08707819,-4746.52330203,-6.96156541631,25.5509116891,-8.34946772149
9.83333333333,2042.41819636,-5017.83993651,2388.49730498,3.59275699689,21.4632672705,4.2015344457
9.83333333333,488.915520568,5104.59614318,4142.01833034,0.860036725359,39.2693429878,7.28610103657
9.83333333333,2415.20238907,-5412.36573713,2064.71260922,4.24851056347,20.7692686892,3.63197443432
9.83333333333,4138.50723657,651.700703977,5423.04014046,7.27992477613,31.4363872914,9.53950833565
9.83333333333,-4346.65649025,-3227.9772884,-2695.67009818,-7.64607392663,24.6117613271,-4.74187295423
9.83333333333,2056.67357259,4555.20906057,-4093.88161782,3.61783320449,38.3029325394,-7.20142517977
9.83333333333,-4865.1486656,-927.709001499,4520.34526903,-8.5581380642,28.6580947359,7.95160468244
9.83333333333,-5369.96056584,-357.1479798,2540.99336351,-9.44613763742,29.6617516297,4.46978571876
9.83333333333,-3363.46017566,-4501.43368639,-3587.01772293,-5.91656258322,22.3716621191,-6.3098160039
9.83333333333,-4969.05135969,-3654.31063432,-1188.92779077,-8.74091019766,23.8618110406,-2.09140745352
9.83333333333,5210.66699807,1195.67060751,3866.55373093,9.16592906837,32.3932685416,6.801539467
9.83333333333,-2544.02516621,-3831.44582356,4204.31049865,-4.47511887255,23.5502178068,7.3956773339
9.83333333333,858.888534239,4456.16595744,-4180.67030564,1.51084523064,38.1287087676,-7.35409257471
9.83333333333,-3579.80046416,1216.33477229,4770.76263172,-6.29712033903,32.4296182581,8.39210640415
9.83333333333,-4576.88248287,-744.682836199,3633.57815278,-8.05105761083,28.9800506101,6.39171906881
9.83333333333,4252.49426338,2021.02808283,3638.38543279,7.48043595884,33.8451302855,6.40017541185
9.83333333333,-3328.32606182,-4916.91915129,-950.683584258,-5.85475921036,21.6407940169,-1.67231916816
9.83333333333,-1070.84047848,-4530.33429659,4670.56771014,-1.8836835808,22.3208239168,8.21585650284
9.83333333333,-4071.89096075,4157.03476887,2852.93781045,-7.16274207011,37.6025160062,5.01851790122
9.83333333333,-4988.19635382,-1356.59217188,4140.94469587,-8.77458758643,27.9036591291,7.28421243815
9.83333333333,1490.23350219,-5012.751779,-3281.63351788,2.62142535331,21.4722176968,-5.77262374748
9.83333333333,-728.643988743,5293.56016956,3079.17040497,-1.2817359312,39.6017439766,5.41647691781
9.83333333333,-3048.71418615,-612.585467979,5471.42600154,-5.36290229069,29.2124191548,9.62462246226
9.83333333333,-1407.08351162,5922.51553159,-1805.99680034,-2.4751586823,40.7081206147,-3.17687516315
9.83333333333,-4674.80791003,-3688.08151278,1739.8583734,-8.22331531214,23.8024056945,3.06053302687
9.83333333333,398.371497991,-3399.85345175,5669.03192484,0.700763432936,24.3094190891,9.97222515442
9.83333333333,-2955.40979572,1279.66529702,-5970.44956711,-5.19877331742,32.5410210973,-10.5024399484
9.83333333333,1082.90246353,-4178.15468462,4330.96905739,1.90490145933,22.9403325793,7.61847863088
9.83333333333,4431.43168643,2557.61597836,-2820.77776154,7.79519944841,34.7890260653,-4.96194611737
9.83333333333,-2187.19174104,-2978.73385747,-4633.64261997,-3.84742382593,25.0501980205,-8.15090267688
9.83333333333,-3017.68227488,367.318441209,5656.64939854,-5.30831498015,30.936138926,9.95044342133
9.83333333333,-4176.04003317,4935.30233276,-103.33411617,-7.34594760037,38.9715432899,-0.181771964993
9.83333333333,801.320290631,-1724.44362661,-6361.71447251,1.40957864851,27.2565825949,-11.1907023861
9.83333333333,5102.19037232,-1991.00241871,-2946.93877995,8.975111068,26.7876869657,-5.18387220597
9.83333333333,72.5573727309,-6261.39501694,1414.09177497,0.127633512578,19.2757665793,2.48748670954
9.83333333333,-5280.49716714,2825.43178954,52.7581010099,-9.28876523825,35.2601328794,0.0928052035984
9.83333333333,661.075309803,-4818.04190178,3852.57088135,1.16287788123,21.8147260405,6.77694265292
9.83333333333,-2357.71936602,-4346.92549867,-3960.89785415,-4.14739389028,22.6434528687,-6.96749740325
9.83333333333,-4089.76489068,4477.87807897,-1531.69444595,-7.19418356771,38.1669019137,-2.69435806418
9.83333333333,-3934.65776731,4021.55419071,3309.16833574,-6.9213392483,37.3641961577,5.82105942521
9.83333333333,-4500.95143682,3102.23824767,-3206.76929544,-7.91748957003,35.7470548726,-5.64093232432
9.83333333333,5241.34709085,-2775.09393548,1578.73603647,9.21989750549,25.4084149399,2.7771075245
9.83333333333,1460.92761819,3548.32427279,-4899.78955236,2.56987424592,36.5317515086,-8.61907381599
9.83333333333,2288.1955008,-4699.29604269,-2949.54454737,4.02509653039,22.0236083433,-5.18845593381
9.83333333333,-3493.11751433,3945.35245747,3801.2928873,-6.14463894463,37.2301519591,6.68674106137
9.83333333333,1554.21295707,1215.13225502,5705.19886131,2.73396970616,32.4275029459,10.0358453348
9.83333333333,5489.39844505,3212.89759547,-776.579807332,9.65623725216,35.9417124343,-1.36605840146
9.83333333333,-1817.93221181,3721.68960278,4581.40884683,-3.19787038986,36.8367132953,8.05901980282
9.83333333333,-2299.77573273,6217.87774671,716.751844627,-4.04546697134,41.2276834872,1.2608168148
9.83333333333,4654.2615159,-3793.76398474,2520.95929751,8.18717276238,23.6165028068,4.43454439015
9.83333333333,-4367.12374367,-3752.53452025,-2268.24742378,-7.68207726231,23.6890283294,-3.99000646243
9.83333333333,4912.86991459,-3614.17748816,-1805.71431299,8.64208309147,23.9324080623,-3.17637824807
9.83333333333,2640.72098613,-4220.13939932,-4382.69546545,4.64521360839,22.8664785186,-7.70946901415
9.83333333333,1895.2836637,3873.09262536,-5028.20128204,3.33393702426,37.1030418414,-8.84495906373
9.83333333333,-3380.63904984,4675.70399781,-2393.44187123,-5.94678142896,38.5148915934,-4.21023228487
9.83333333333,-2981.34609698,-3768.58021734,-4195.45505844,-5.24439709222,23.6608028217,-7.38009999286
9.83333333333,-4309.96771816,3997.5724073,-1624.15236203,-7.58153580075,37.322010517,-2.85699802964
9.83333333333,150.759112079,-6563.153315,2128.73031158,0.265195862303,18.7449525478,3.74458606717
9.83333333333,4039.18116305,-3413.62510859,-2575.98988264,7.10520323955,24.2851937779,-4.53134705287
9.83333333333,3026.29404883,-2606.60926998,4977.75178167,5.32346369514,25.7047912951,8.75621485075
9.83333333333,5157.62039995,-1945.40949051,3719.77692686,9.0726163781,26.8678881273,6.54334876406
9.83333333333,2449.61226601,4467.71236325,-3567.44631651,4.30903995277,38.1490197061,-6.27538852598
9.83333333333,-1970.16506768,-1148.36888391,-6060.55942479,-3.46565867096,28.2699385111,-10.6609495143
9.83333333333,-2987.71260667,4336.15241986,-3161.51564328,-5.25559622973,37.9175965294,-5.5613279731
9.83333333333,832.241783673,-4601.16574578,4208.87870308,1.46397172564,22.1962264249,7.4037131262
9.83333333333,-3784.20848762,257.42297695,4937.95618353,-6.65668840291,30.742825089,8.68621159973
9.83333333333,-1288.56114707,-6210.37791545,-236.387866249,-2.26666952209,19.3655092425,-0.415822852519
9.83333333333,-4691.04523834,3969.80140283,2104.31951607,-8.25187791258,37.2731593705,3.70164576409
9.83333333333,6412.69508397,-1042.70257692,1681.9941833,11.2803808608,28.4558129635,2.95874585409
9.83333333333,-2628.84892089,-5735.4657486,-1887.04100699,-4.62432981215,20.2009130855,-3.31943761242
9.83333333333,-3847.87500704,-3229.24990467,-3726.92959474,-6.76868228033,24.6095227058,-6.55593080904
9.83333333333,-5123.32060066,-1916.79101708,-3504.98704412,-9.01228062312,26.9182300312,-6.16551828085
9.83333333333,2987.3985614,-5124.52716042,2858.1659352,5.25504380206,21.2755969535,5.02771453969
9.83333333333,3833.16465972,-2284.79008764,4077.2674627,6.74280574664,26.2708938304,7.1721997145
9.83333333333,4964.02217543,-4418.15443872,1365.01993598,8.73206350947,22.5181561624,2.40116589963
9.83333333333,-3099.90191398,2735.68005989,-5184.17423746,-5.45294509762,35.1022532858,-9.11932644253
9.83333333333,-1845.34067344,-3832.17933597,4456.25715827,-3.2460837981,23.548927507,7.83886919626
9.83333333333,-4169.24021699,-3085.93338701,-3540.36154611,-7.33398624632,24.861626522,-6.22774451334
9.83333333333,-6380.64113339,-782.089404508,-1665.37647696,-11.2239957113,28.9142498303,-2.92951414197
9.83333333333,-2449.2476171,-3873.84956329,4840.37599275,-4.30839850974,23.4756266517,8.51456119346
9.83333333333,4018.1045001,-2327.10348908,4505.75678267,7.06812790971,26.1964615867,7.92594251074
9.83333333333,3230.63239192,1163.79474516,4875.98827271,5.68290918635,32.3371966618,8.57720569411
9.83333333333,-4266.35433771,-1752.92361755,4381.3079745,-7.50481680264,27.2064842914,7.70702832016
9.83333333333,-6596.2236612,-1653.22259745,968.790185446,-11.6032205129,27.3818653854,1.70416995084
9.83333333333,-2946.21948377,-3889.45980648,-4722.43689393,-5.1826069135,23.448167138,-8.30709803864
9.83333333333,-4207.6279319,-2778.08207691,3442.69240253,-7.40151293188,25.4031585894,6.05593763284
9.83333333333,3761.65792753,-2961.75162701,3607.31660925,6.61702038453,25.0800709561,6.34552317004
9.83333333333,3770.10610582,577.746666839,-4529.37535324,6.63188132327,31.3062969481,-7.96748923453
9.83333333333,-2523.90094051,-3849.5992391,3959.06085831,-4.43971894671,23.5182846744,6.9642659986
9.83333333333,-4306.40361299,874.675070423,-4516.24854124,-7.57526628955,31.8286148561,-7.94439825064
9.83333333333,-4148.27976773,-1031.0468934,4146.7870759,-7.29711534452,28.4763161291,7.2944895948
9.83333333333,-514.275213014,-3608.14119882,5353.79712825,-0.904646204768,23.943026319,9.41770501592
9.83333333333,2470.21978595,-5572.40647736,-1132.70527508,4.34529002712,20.4877457914,-1.9925081013
9.83333333333,-3614.67410324,4573.56906583,1061.4455951,-6.3584655185,38.3352290776,1.86715732137
9.83333333333,-4675.56442048,3889.39547367,-1964.5544567,-8.22464606712,37.1317196961,-3.45578921235
9.83333333333,-1854.63813014,3428.16831222,-5273.12820849,-3.26243867718,36.3203887383,-9.27580272264
9.83333333333,-3858.22875379,-4413.93392163,1945.5901038,-6.78689524776,22.5255803483,3.42242958419
9.83333333333,-4180.21455165,3666.91021538,3882.46649622,-7.35329087144,36.740352507,6.82953113832
9.83333333333,1960.08041608,-701.40199144,6561.93181224,3.44791906079,29.0561846546,11.5428987431
9.83333333333,4100.49209955,-4285.87184648,-1948.04076444,7.21305348122,22.7508505292,-3.42674046831
9.83333333333,2837.50007492,4641.92050472,2814.80025725,4.99136184061,38.4554640573,4.95143126767
9.83333333333,5156.05678259,-30.6169125635,-3190.23220963,9.06986586541,30.2361427013,-5.61184242937
9.83333333333,-4765.96752082,-4530.51075924,194.326496957,-8.38367146745,22.3205135066,0.341833950985
9.83333333333,5904.856487,2462.65496123,1358.85379849,10.3870571155,34.6219829693,2.39031923088
9.83333333333,2042.33563133,-1297.31583716,5753.66454008,3.59261175922,28.0079303634,10.1210998663
