1.99e+09,0.109512,-0.0265121,-6.15873e-07,2.54843e-06,-5.98745e-07,-2.13096e-11
330,2.72887e+07,-3.70537e+07,-9.19217e-07,48.1122,34.0259,-3.22094e-11
73.4,1.4698e+08,2.52627e+06,-504.656,-0.491661,29.2373,-0.00577005
2750,1.87403e+08,5.24764e+07,-7.55459e-06,-7.05205,25.15,-2.66097e-10
642,1.18234e+08,2.08009e+08,-2.20533e-07,-20.4897,11.5963,-7.69483e-12
486,1.91352e+08,-1.88639e+08,-2.52151e-07,15.5873,15.8119,-8.58446e-12
9.83333,1.47757e+08,2.89822e+06,-443099,8.38546,33.533,-5.08099
9.83333,1.46789e+08,3.54726e+06,-175454,-2.45337,41.7149,-2.40381
9.83333,1.46398e+08,2.11476e+06,-561053,-5.02721,24.1751,-5.04612
9.83333,1.46945e+08,2.93598e+06,-876285,-0.904011,33.9656,-9.98411
9.83333,1.46352e+08,1.92623e+06,242029,-6.29545,23.16,4.4582
9.83333,1.47426e+08,3.15569e+06,637061,5.09762,37.1306,6.56163
9.83333,1.47405e+08,3.18528e+06,-594594,4.02752,35.1199,-7.24352
9.83333,1.46409e+08,3.23713e+06,443684,-6.11486,37.8349,7.21553
9.83333,1.47406e+08,2.11923e+06,662431,4.32538,23.4795,7.53633
9.83333,1.46351e+08,1.9272e+06,252278,-7.97353,22.5594,2.99998
9.83333,1.4759e+08,3.14974e+06,-398959,6.43469,36.3906,-4.53459
9.83333,1.4771e+08,2.51137e+06,566367,8.10337,28.9707,6.40146
9.83333,1.46624e+08,1.85205e+06,435044,-4.71313,21.5217,5.35276
9.83333,1.4753e+08,3.32167e+06,316756,5.87423,38.4797,3.23182
9.83333,1.47751e+08,2.1063e+06,96451.1,8.26696,24.8342,0.859625
9.83333,1.46367e+08,1.92507e+06,246502,-6.83357,22.5446,1.86669
9.83333,1.47407e+08,2.1228e+06,663016,5.56787,24.1431,7.23582
9.83333,1.47248e+08,3.41412e+06,-280471,3.16549,39.9392,-3.21743
9.83333,1.46441e+08,3.17672e+06,476003,-6.41093,36.1926,5.723
9.83333,1.46422e+08,3.10629e+06,-571725,-5.95649,35.6268,-8.75351
9.83333,1.46994e+08,3.02122e+06,-815327,-1.43232,33.5085,-8.74545
9.83333,1.46224e+08,2.1804e+06,-385838,-8.72839,24.6167,-5.0936
9.83333,1.47002e+08,1.723e+06,113995,-0.271873,20.007,1.33353
9.83333,1.47443e+08,1.96216e+06,437529,4.33405,22.146,5.05505
9.83333,1.46514e+08,3.3669e+06,-377685,-5.98907,38.6898,-4.34953
9.83333,1.46312e+08,3.27501e+06,282400,-8.14393,37.777,3.26005
9.83333,1.46256e+08,2.48723e+06,644462,-8.69286,28.9834,7.33912
9.83333,1.47889e+08,2.7616e+06,41912.1,9.88336,31.8958,0.515974
9.83333,1.47128e+08,3.15503e+06,783381,1.33635,37.3786,9.29382
9.83333,1.47427e+08,3.22116e+06,508106,4.64034,37.1372,5.73308
9.83333,1.47714e+08,2.51212e+06,563402,7.86137,29.0489,6.28068
9.83333,1.46224e+08,2.0855e+06,172037,-8.64962,24.3758,2.1234
9.83333,1.4678e+08,2.97194e+06,-872258,-3.15616,33.4416,-8.7816
9.83333,1.46382e+08,1.93921e+06,229955,-7.57361,22.3891,2.73099
9.83333,1.47657e+08,2.42244e+06,-668835,7.17116,28.0877,-7.56311
9.83333,1.47699e+08,2.3698e+06,-522112,7.71122,27.4382,-5.9778
9.83333,1.47582e+08,2.75981e+06,-686640,6.95325,32.0972,-8.02174
9.83333,1.47586e+08,2.76119e+06,-686634,5.59791,32.7097,-7.04543
9.83333,1.46793e+08,1.82867e+06,456844,-2.64497,22.0082,5.52918
9.83333,1.47128e+08,3.15509e+06,782865,2.35202,37.2089,8.12505
9.83333,1.47441e+08,3.05805e+06,-693400,4.78226,35.438,-7.81988
9.83333,1.46449e+08,3.21457e+06,508446,-6.8863,37.7389,6.34079
9.83333,1.46184e+08,2.45101e+06,-372846,-9.58295,28.3742,-4.29998
9.83333,1.47549e+08,2.26039e+06,648214,5.92665,26.2115,7.39161
9.83333,1.47529e+08,3.31828e+06,315543,6.65369,37.8505,3.82244
9.83333,1.47269e+08,2.09174e+06,-692528,1.87725,26.2827,-8.13598
9.83333,1.46227e+08,2.12753e+06,282664,-9.26014,24.5864,3.27289
9.83333,1.46365e+08,3.28978e+06,-268484,-7.14856,35.9936,-2.83523
9.83333,1.47714e+08,2.5118e+06,563431,7.58914,28.8421,6.4389
9.83333,1.46235e+08,2.12418e+06,285657,-8.98224,24.7716,3.21896
9.83333,1.46856e+08,1.99627e+06,806799,-1.92245,23.1871,9.17136
9.83333,1.4628e+08,2.03124e+06,-78204.1,-8.48618,23.5883,-0.888033
9.83333,1.47386e+08,3.22963e+06,-587051,3.97473,37.7369,-6.56982
9.83333,1.46424e+08,2.16691e+06,500401,-6.90465,25.2321,5.72215
9.83333,1.47724e+08,3.08844e+06,134815,7.99873,35.6643,1.54027
9.83333,1.47877e+08,2.69877e+06,145764,10.1938,30.5693,0.525973
9.83333,1.46706e+08,2.87963e+06,940247,-3.54139,33.0463,11.5257
9.83333,1.47426e+08,3.15745e+06,641267,4.74182,35.741,7.57791
9.83333,1.47366e+08,2.08207e+06,-750260,3.91012,24.2118,-8.51378
9.83333,1.46622e+08,1.85109e+06,435240,-4.61034,21.6937,5.28397
9.83333,1.46422e+08,3.10683e+06,-571998,-6.57181,35.8904,-5.03523
9.83333,1.4652e+08,2.24925e+06,-755827,-5.57059,25.3716,-8.47772
9.83333,1.47754e+08,2.07528e+06,103983,7.5792,23.6717,0.661727
9.83333,1.476e+08,3.19857e+06,-413542,6.4568,36.8841,-5.04664
9.83333,1.47315e+08,3.09235e+06,739929,3.32953,35.9004,8.3668
9.83333,1.46681e+08,1.78979e+06,-445485,-3.9587,20.7561,-5.14437
9.83333,1.47112e+08,2.11162e+06,735308,1.15155,24.6322,8.54788
9.83333,1.47433e+08,3.15731e+06,632246,5.45991,36.8725,7.06072
9.83333,1.4711e+08,3.16226e+06,779868,1.3563,36.4145,8.99867
9.83333,1.47876e+08,2.69866e+06,145690,9.10268,32.3404,2.97885
9.83333,1.46398e+08,2.11472e+06,-560987,-8.73818,23.169,-7.52995
9.83333,1.46727e+08,3.33019e+06,538920,-3.40178,38.4468,6.17014
9.83333,1.47586e+08,2.76331e+06,-685400,6.57101,31.7329,-7.38517
9.83333,1.47407e+08,2.12266e+06,662957,4.23963,24.7003,8.12667
9.83333,1.46477e+08,2.33718e+06,-731095,-6.31033,26.9916,-8.29982
9.83333,1.4635e+08,2.69089e+06,-679210,-7.87692,31.2786,-8.13668
9.83333,1.46224e+08,2.18033e+06,-386022,-9.36044,26.0477,-3.81843
9.83333,1.4742e+08,2.66682e+06,808975,4.21252,30.0101,8.84515
9.83333,1.46714e+08,2.34802e+06,854302,-3.57009,27.1687,9.742
9.83333,1.46421e+08,3.25922e+06,418788,-6.73653,37.8052,4.45461
9.83333,1.47143e+08,2.69084e+06,-897717,1.37495,31.1413,-10.2424
9.83333,1.47434e+08,3.15695e+06,632182,4.67609,36.5766,8.08722
9.83333,1.47308e+08,3.11757e+06,719008,3.33746,35.461,8.03366
9.83333,1.46643e+08,2.26364e+06,-875626,-4.4618,26.1513,-9.99406
9.83333,1.46391e+08,3.29343e+06,-320862,-7.24818,37.5079,-3.65784
9.83333,1.47811e+08,2.39242e+06,-272796,9.33364,28.7873,-4.02109
9.83333,1.46476e+08,1.97879e+06,488970,-5.76393,22.9034,5.48044
9.83333,1.46697e+08,1.87788e+06,509638,-3.90241,22.0772,5.57746
9.83333,1.47416e+08,3.17965e+06,660614,4.50558,36.7861,7.30067
9.83333,1.47783e+08,2.20405e+06,-15710.3,7.94852,26.4759,-1.19877
9.83333,1.47353e+08,1.7808e+06,94482.1,3.81575,20.7335,1.144
9.83333,1.46453e+08,3.22501e+06,-483491,-5.22837,37.8521,-5.64101
9.83333,1.46915e+08,1.93903e+06,-708862,-1.25855,22.3129,-7.6333
9.83333,1.47052e+08,1.80954e+06,-385059,-0.69621,20.9688,-3.90804
9.83333,1.46311e+08,2.68952e+06,646528,-8.20277,31.1027,7.42342
9.83333,1.47754e+08,2.07548e+06,104162,9.09533,24.1517,2.32208
9.83333,1.46449e+08,3.21517e+06,507987,-6.33679,36.0229,5.76841
9.83333,1.46515e+08,2.63207e+06,780133,-5.88003,30.4826,8.86184
9.83333,1.47608e+08,2.09368e+06,-473100,6.64062,23.5867,-5.24781
9.83333,1.47e+08,1.83282e+06,-651265,-0.271217,21.3702,-7.4337
9.83333,1.4644e+08,3.06626e+06,633478,-6.67565,35.5031,7.18485
9.83333,1.4716e+08,1.8475e+06,-421779,1.45817,21.4535,-4.8317
9.83333,1.47411e+08,2.09595e+06,666012,4.4311,24.0105,7.75534
9.83333,1.46994e+08,1.99182e+06,-748700,-0.352629,23.115,-8.51619
9.83333,1.46352e+08,1.92624e+06,242033,-9.05241,21.3692,1.46009
9.83333,1.46727e+08,3.02063e+06,793264,-3.89671,34.5489,9.68669
9.83333,1.46642e+08,2.26299e+06,-875901,-4.31739,26.3441,-9.94001
9.83333,1.46394e+08,2.84853e+06,700507,-7.18393,32.895,7.99565
9.83333,1.4673e+08,3.00395e+06,801818,-3.39652,34.2554,8.98645
9.83333,1.46647e+08,3.40578e+06,-439316,-4.36563,39.2486,-5.04041
9.83333,1.47756e+08,3.01937e+06,105360,8.3585,34.9086,1.21944
9.83333,1.464e+08,2.94952e+06,-666220,-7.23109,33.7359,-7.20964
9.83333,1.47437e+08,3.09478e+06,-637983,4.58887,36.0581,-7.38198
9.83333,1.46303e+08,3.15738e+06,-382621,-8.47538,38.1055,-4.53998
9.83333,1.47128e+08,3.15456e+06,783243,-0.0395817,35.7156,8.90016
9.83333,1.47811e+08,2.39248e+06,-272652,8.62992,26.4935,-2.26814
9.83333,1.4702e+08,3.26928e+06,647580,0.170251,38.1634,8.0481
9.83333,1.46749e+08,3.50496e+06,-146989,-3.51492,40.002,-1.40297
9.83333,1.46388e+08,2.24853e+06,-643803,-6.04832,24.4208,-8.00601
9.83333,1.47409e+08,2.12329e+06,665389,4.42759,25.3925,7.82932
9.83333,1.46291e+08,2.13137e+06,432044,-8.33685,24.7449,4.91091
9.83333,1.47586e+08,2.75297e+06,-678730,6.41645,32.0359,-7.83807
9.83333,1.47944e+08,2.788e+06,195005,10.4798,32.2002,2.20106
9.83333,1.47417e+08,2.96802e+06,-734922,4.52059,34.3412,-8.31928
9.83333,1.46938e+08,1.95535e+06,771101,-0.991372,22.7441,8.78537
9.83333,1.47615e+08,2.23075e+06,-604109,6.59986,25.6385,-6.54678
9.83333,1.46727e+08,2.4942e+06,-853991,-3.40926,28.8693,-9.77747
9.83333,1.47086e+08,1.83213e+06,-422172,0.776117,21.705,-4.83884
9.83333,1.47681e+08,2.40514e+06,-653089,7.14457,27.9999,-7.33371
9.83333,1.47407e+08,2.12263e+06,663307,5.83339,26.5262,8.01178
9.83333,1.47269e+08,2.09181e+06,-692528,3.77247,22.3021,-7.71571
9.83333,1.4742e+08,2.66667e+06,808858,4.7793,31.4467,9.48165
9.83333,1.46447e+08,3.21354e+06,513619,-6.54596,36.6839,5.3957
9.83333,1.46606e+08,3.42138e+06,354902,-4.98361,39.4784,4.15203
9.83333,1.46405e+08,2.23811e+06,-627126,-6.64013,25.823,-6.73759
9.83333,1.46385e+08,2.24885e+06,-642425,-7.39068,25.753,-7.75156
9.83333,1.47419e+08,2.12534e+06,662782,4.24367,24.6592,7.33188
9.83333,1.47484e+08,2.82337e+06,703602,5.26056,32.6687,8.05455
9.83333,1.4691e+08,3.53687e+06,-91273.1,-1.94874,42.2285,0.885629
9.83333,1.47307e+08,3.11826e+06,719447,3.20727,36.5571,8.29023
9.83333,1.46793e+08,1.82905e+06,456181,-3.03987,21.2696,5.46257
9.83333,1.47689e+08,2.47846e+06,547704,7.34505,29.1406,6.09328
9.83333,1.47608e+08,2.08942e+06,-472309,7.29118,24.6805,-5.02731
9.83333,1.47608e+08,2.09365e+06,-472986,7.66142,23.2608,-5.85984
9.83333,1.4635e+08,2.68882e+06,-680678,-7.74347,31.2648,-8.04681
9.83333,1.46171e+08,2.52086e+06,-562813,-9.66032,29.21,-6.43396
9.83333,1.46823e+08,2.8773e+06,-879710,-2.30372,33.3325,-10.0383
9.83333,1.46414e+08,2.0837e+06,-515702,-6.76406,24.1409,-6.12706
9.83333,1.47623e+08,2.12682e+06,-476505,6.71066,24.4133,-5.26592
9.83333,1.46368e+08,1.92511e+06,246362,-7.48346,22.9686,0.879169
9.83333,1.4623e+08,2.16357e+06,341097,-9.35181,25.1406,3.92119
9.83333,1.4714e+08,3.52737e+06,-139898,0.256648,39.6017,-1.67701
9.83333,1.47573e+08,2.78827e+06,-652136,6.20483,32.3113,-7.42602
9.83333,1.46483e+08,1.97259e+06,487782,-6.39032,23.1617,6.4678
9.83333,1.4671e+08,1.87102e+06,513058,-3.76553,21.6326,5.48229
9.83333,1.46227e+08,2.12848e+06,282144,-8.90067,24.6378,3.24696
9.83333,1.46686e+08,1.67701e+06,170065,-3.86714,19.5806,1.96169
9.83333,1.46698e+08,2.4966e+06,-977158,-3.65112,29.0141,-11.1638
9.83333,1.47529e+08,3.31866e+06,314585,5.05261,38.1628,5.48086
9.83333,1.46388e+08,2.24848e+06,-643935,-9.05449,26.1298,-7.89521
9.83333,1.4776e+08,2.21002e+06,-139997,8.41685,25.6229,-1.55338
9.83333,1.47243e+08,3.1417e+06,-741332,2.53812,36.2442,-8.51888
9.83333,1.46574e+08,3.31689e+06,-523137,-4.72337,37.9901,-5.33174
9.83333,1.47754e+08,2.07518e+06,104054,8.78165,25.2042,1.11188
9.83333,1.47681e+08,2.40505e+06,-653206,7.94772,27.6892,-7.51056
9.83333,1.46417e+08,2.09003e+06,-554807,-7.69763,24.5994,-6.6934
9.83333,1.47127e+08,3.15576e+06,783599,0.663221,36.3865,9.4716
9.83333,1.47531e+08,3.31104e+06,310059,6.1877,37.8312,2.90809
9.83333,1.4648e+08,1.97262e+06,486373,-6.58562,23.4203,4.67623
9.83333,1.46401e+08,2.11447e+06,-565384,-7.00508,25.1155,-6.38794
9.83333,1.47127e+08,2.99165e+06,-863645,1.21296,34.8084,-10.0062
9.83333,1.47251e+08,1.7989e+06,-537031,2.59017,20.9788,-6.12094
9.83333,1.46453e+08,3.22509e+06,-483533,-7.52569,37.2334,-5.47477
9.83333,1.46413e+08,2.08136e+06,-515870,-6.84016,24.4161,-6.2206
9.83333,1.46312e+08,3.29071e+06,156257,-7.63871,38.8606,1.90213
9.83333,1.47022e+08,3.26173e+06,653746,-0.00880104,37.7405,7.42841
9.83333,1.47463e+08,1.9457e+06,376864,4.97431,22.6887,4.40468
9.83333,1.46225e+08,2.0851e+06,169588,-9.65314,24.719,2.43476
9.83333,1.46212e+08,2.09645e+06,171614,-9.20914,24.3422,1.91544
9.83333,1.47358e+08,1.79023e+06,262490,3.94965,20.8667,2.93021
9.83333,1.47445e+08,1.85429e+06,274709,4.38315,21.8059,3.58254
9.83333,1.47434e+08,3.15681e+06,632168,3.84412,36.1108,8.03326
9.83333,1.46409e+08,3.23685e+06,444011,-6.97089,37.4929,4.80043
9.83333,1.47128e+08,3.15459e+06,783621,-0.336945,36.2424,8.83779
9.83333,1.47436e+08,3.09623e+06,-641942,4.78185,35.7022,-6.99174
9.83333,1.47683e+08,2.22217e+06,-452546,7.61667,25.8402,-5.37124
9.83333,1.4783e+08,2.44487e+06,-344765,9.18277,28.3023,-3.87696
9.83333,1.46945e+08,1.73001e+06,232461,-0.973224,20.8368,2.40684
9.83333,1.46365e+08,3.28987e+06,-268518,-7.86939,39.5421,-3.5872
9.83333,1.47127e+08,2.98991e+06,-862591,0.516989,34.4138,-8.29363
9.83333,1.47782e+08,2.20417e+06,-15975.1,8.58671,25.1476,-0.538564
9.83333,1.47395e+08,2.11283e+06,-708976,4.226,24.514,-8.10291
9.83333,1.47592e+08,3.19591e+06,-410302,6.20064,36.7799,-5.13997
9.83333,1.47756e+08,2.08142e+06,106130,7.98143,23.8474,1.26104
9.83333,1.46462e+08,3.25931e+06,504179,-6.49371,37.636,5.58724
9.83333,1.47427e+08,3.17094e+06,625620,4.13435,37.1116,6.76275
9.83333,1.46409e+08,2.11588e+06,-573858,-6.33131,24.3938,-6.70923
9.83333,1.46007e+08,2.47895e+06,198694,-11.6051,28.686,2.2857
9.83333,1.47586e+08,2.76121e+06,-686598,7.49776,30.9903,-8.05113
9.83333,1.46401e+08,2.11482e+06,-564195,-7.09142,24.5035,-6.91218
9.83333,1.46064e+08,2.7316e+06,-217147,-10.9519,31.6242,-2.49223
9.83333,1.46227e+08,3.17002e+06,290318,-9.49949,36.9095,3.331
9.83333,1.47932e+08,2.54799e+06,-83004.2,10.3343,29.4754,-0.927294
9.83333,1.47445e+08,1.85402e+06,273015,4.64483,21.0633,2.42267
9.83333,1.4754e+08,3.31115e+06,316617,5.95859,37.9778,3.28599
9.83333,1.46618e+08,1.67894e+06,-84048.2,-4.78122,19.3595,-1.88182
9.83333,1.47103e+08,1.76649e+06,330404,0.912062,20.5569,3.77679
9.83333,1.47456e+08,3.15488e+06,-563063,4.68572,36.5462,-6.43141
9.83333,1.46405e+08,3.23584e+06,437489,-7.30396,35.9614,3.39668
9.83333,1.47002e+08,3.35496e+06,575185,0.396715,40.4704,6.50825
9.83333,1.4691e+08,3.53693e+06,-91198.5,-1.97117,39.2573,-2.01304
9.83333,1.47127e+08,2.98986e+06,-862684,1.88006,34.4511,-11.14
9.83333,1.47483e+08,3.36035e+06,-308101,5.22847,38.7304,-3.54599
9.83333,1.46897e+08,3.3695e+06,-563692,-1.46736,38.8851,-6.42211
9.83333,1.46191e+08,2.22342e+06,-226793,-9.49792,25.7569,-2.62952
9.83333,1.47603e+08,3.20589e+06,-389819,6.40782,37.6684,-4.34988
9.83333,1.46303e+08,2.04582e+06,-228403,-8.23316,23.7352,-2.6342
9.83333,1.47215e+08,2.5472e+06,-861434,2.182,29.4814,-9.82928
9.83333,1.46426e+08,2.08176e+06,-565883,-7.18797,24.6171,-6.24526
9.83333,1.46326e+08,2.56397e+06,-688254,-7.95072,29.6998,-7.83132
9.83333,1.46369e+08,1.92521e+06,246363,-6.26359,22.2878,4.92122
9.83333,1.46708e+08,1.87239e+06,513908,-3.86413,21.3274,6.44181
9.83333,1.46663e+08,2.2668e+06,835134,-4.60714,26.4828,9.83513
9.83333,1.46434e+08,2.80534e+06,-725564,-6.79184,32.4771,-8.2414
9.83333,1.46732e+08,3.41733e+06,305646,-3.38343,39.4198,3.52616
9.83333,1.47318e+08,1.95408e+06,523341,3.42996,22.7297,6.00988
9.83333,1.46405e+08,3.22675e+06,432753,-7.38262,36.3785,4.61782
9.83333,1.46349e+08,2.69051e+06,-680249,-8.28338,31.411,-7.57667
9.83333,1.47553e+08,2.25407e+06,664678,5.87931,25.6192,9.53813
9.83333,1.46388e+08,2.24858e+06,-643944,-6.99284,27.8277,-7.48298
9.83333,1.47651e+08,2.43006e+06,-670739,7.14347,28.1583,-7.70243
9.83333,1.47406e+08,3.18794e+06,-597384,4.53401,36.7005,-6.41486
9.83333,1.46357e+08,1.87281e+06,226115,-7.66012,21.8777,2.62861
9.83333,1.46391e+08,3.29337e+06,-319040,-7.70812,38.3675,-3.58783
9.83333,1.46455e+08,2.11104e+06,591018,-6.50096,24.4926,6.69876
9.83333,1.4746e+08,3.39502e+06,12351.1,4.70856,39.3662,0.082186
9.83333,1.47816e+08,2.6235e+06,-423493,8.9636,30.3492,-4.87404
9.83333,1.46303e+08,3.15741e+06,-382596,-7.73543,35.6807,-3.28831
9.83333,1.46601e+08,1.67287e+06,-47622.4,-4.96234,19.4696,-0.23596
9.83333,1.46248e+08,2.53733e+06,628183,-7.14629,29.6692,6.2861
9.83333,1.4622e+08,2.84987e+06,-606510,-9.1249,32.9538,-6.93196
9.83333,1.47471e+08,1.9493e+06,374252,5.10816,22.5976,4.2549
9.83333,1.46328e+08,1.83784e+06,-50678.8,-7.94055,21.4112,-0.556845
9.83333,1.46385e+08,2.24813e+06,-643650,-6.23149,26.3187,-6.64624
9.83333,1.47817e+08,2.42245e+06,-240698,9.0583,28.0999,-2.98467
9.83333,1.46157e+08,3.00092e+06,-326933,-10.5537,34.4702,-2.841
9.83333,1.47254e+08,1.78489e+06,519089,2.64127,20.8208,5.9203
9.83333,1.47051e+08,1.80959e+06,-386189,1.42728,20.9118,-4.54808
9.83333,1.47465e+08,3.39831e+06,-197856,5.0387,39.1832,-2.28861
9.83333,1.47569e+08,2.93387e+06,-622616,6.20292,33.9195,-7.14823
9.83333,1.46754e+08,2.50689e+06,870255,-3.09246,29.0115,9.93246
9.83333,1.4778e+08,2.34859e+06,-299865,8.67803,27.2797,-3.40145
9.83333,1.46321e+08,2.1833e+06,535827,-7.73707,24.6998,6.80637
9.83333,1.47675e+08,2.82108e+06,-601126,7.43578,32.6493,-6.85876
9.83333,1.47063e+08,2.18918e+06,811413,0.481073,25.3775,9.24097
9.83333,1.47871e+08,2.55548e+06,16998.9,9.91784,29.2052,-1.27715
9.83333,1.47876e+08,2.6983e+06,145752,10.1607,33.0585,1.24663
9.83333,1.4651e+08,3.37109e+06,-379467,-5.59279,39.0815,-4.94971
9.83333,1.47256e+08,3.44726e+06,-386797,2.65799,39.7403,-4.36445
9.83333,1.47815e+08,2.95466e+06,-416777,9.13689,33.9983,-4.99077
9.83333,1.46399e+08,2.95244e+06,-666615,-7.08865,34.207,-7.69893
9.83333,1.46363e+08,2.0984e+06,-538287,-7.77415,24.5458,-6.56317
9.83333,1.46081e+08,2.23669e+06,263604,-10.7195,25.9105,3.03031
9.83333,1.47861e+08,2.46782e+06,-30873.9,9.58598,28.5731,-0.350664
9.83333,1.47358e+08,1.77778e+06,86807.6,3.84481,20.7105,0.990849
9.83333,1.47178e+08,3.20966e+06,699541,2.04787,37.2432,8.46646
9.83333,1.47608e+08,2.09227e+06,-475291,6.01659,24.8343,-5.76637
9.83333,1.47733e+08,2.12762e+06,-129077,8.12939,24.7237,-1.43788
9.83333,1.47003e+08,3.353e+06,574134,-0.24032,38.2898,6.17776
9.83333,1.47025e+08,3.27059e+06,686358,0.0109135,37.7225,7.71068
9.83333,1.46703e+08,1.87251e+06,526455,-2.51714,22.1087,6.94741
9.83333,1.47419e+08,3.17405e+06,-578768,4.73851,36.3741,-6.30966
9.83333,1.46289e+08,1.99148e+06,203144,-8.30988,23.1522,2.36311
9.83333,1.46426e+08,2.26778e+06,712076,-6.89082,25.9511,7.9691
9.83333,1.47602e+08,3.20373e+06,-390584,8.13681,37.6641,-4.69627
9.83333,1.47538e+08,2.74783e+06,-736288,5.98853,31.8764,-8.25673
9.83333,1.46757e+08,1.98687e+06,-747434,-2.74524,23.0157,-8.46825
9.83333,1.46311e+08,3.28995e+06,157589,-8.06038,38.4495,1.72352
9.83333,1.47438e+08,2.66287e+06,818823,4.64405,30.9963,9.35039
9.83333,1.46911e+08,3.53684e+06,-91718.4,0.0123471,40.8857,-2.0886
9.83333,1.46301e+08,3.15521e+06,-382340,-8.07836,36.4154,-4.4955
9.83333,1.47127e+08,3.15544e+06,783339,2.3823,35.9186,8.86882
9.83333,1.47405e+08,3.18565e+06,-594741,3.50673,34.4855,-9.01307
9.83333,1.47444e+08,1.8594e+06,276837,4.53418,21.6915,3.13666
9.83333,1.46229e+08,2.16372e+06,341111,-8.75445,24.8899,3.76504
9.83333,1.4702e+08,3.26917e+06,647563,-0.277365,37.3936,7.45439
9.83333,1.46415e+08,2.0885e+06,-554324,-7.19079,24.4897,-6.13554
9.83333,1.47434e+08,3.15688e+06,632208,4.63979,36.4031,5.30445
9.83333,1.47385e+08,3.32541e+06,-402786,3.90853,38.5092,-4.57444
9.83333,1.47148e+08,2.29477e+06,908094,0.587948,27.6256,11.1417
9.83333,1.46417e+08,2.09083e+06,-557554,-6.81449,24.681,-6.6159
9.83333,1.47602e+08,3.20303e+06,-390636,7.37206,36.0013,-3.98219
9.83333,1.47899e+08,2.44689e+06,164880,9.98269,28.3326,1.85102
9.83333,1.47083e+08,1.83161e+06,-422105,0.668357,21.2861,-5.12722
9.83333,1.46364e+08,1.92606e+06,239842,-7.44174,22.7554,2.41534
9.83333,1.46616e+08,1.74043e+06,-390383,-4.64449,20.3104,-4.47655
9.83333,1.46448e+08,2.26906e+06,699975,-6.65277,26.2292,8.04794
9.83333,1.46797e+08,3.42646e+06,-481744,-2.70156,39.4806,-5.50488
9.83333,1.46248e+08,2.53736e+06,628204,-10.5131,29.0589,8.12108
9.83333,1.47375e+08,1.79469e+06,246804,4.01199,20.9672,2.87908
9.83333,1.46983e+08,3.21773e+06,-793964,-0.442703,37.124,-9.05809
9.83333,1.46392e+08,3.29272e+06,-320654,-6.77381,38.0932,-3.74412
9.83333,1.46157e+08,3.00076e+06,-326608,-9.18284,34.9587,-4.6064
9.83333,1.46562e+08,3.11112e+06,-688383,-5.34079,35.9174,-7.81361
9.83333,1.46432e+08,3.12967e+06,596371,-6.70514,36.2097,6.7115
9.83333,1.47228e+08,3.03601e+06,-803806,2.33933,35.0888,-9.16464
9.83333,1.46758e+08,1.98674e+06,-747170,-3.34,23.175,-8.56785
9.83333,1.46449e+08,3.21497e+06,507935,-7.39412,36.4529,6.30863
9.83333,1.46112e+08,3.0297e+06,-181421,-10.5954,34.7864,-2.18456
9.83333,1.46363e+08,2.09849e+06,-538428,-6.96562,24.45,-6.26134
9.83333,1.4652e+08,2.24955e+06,-755404,-6.06755,26.8197,-8.6252
9.83333,1.46453e+08,3.226e+06,-483093,-6.92833,36.6845,-5.48712
9.83333,1.46398e+08,2.11477e+06,-560900,-7.39534,25.3038,-5.7503
9.83333,1.46401e+08,2.94815e+06,-663586,-6.97475,34.4312,-7.39444
9.83333,1.46388e+08,2.24644e+06,-643252,-7.67749,24.8654,-7.3789
9.83333,1.47579e+08,2.1107e+06,-466597,6.56511,24.7372,-5.40472
9.83333,1.46112e+08,3.02794e+06,-184291,-10.5003,35.2801,-2.04185
9.83333,1.46917e+08,2.26982e+06,817149,-1.21715,26.2918,9.33551
9.83333,1.47405e+08,3.18562e+06,-594722,5.63783,38.5162,-5.46923
9.83333,1.46392e+08,2.25414e+06,-643440,-7.27269,25.2392,-7.05566
9.83333,1.4607e+08,3.0118e+06,-109262,-9.98346,35.1277,-1.03759
9.83333,1.47148e+08,2.29482e+06,907998,2.27201,25.3031,9.46013
9.83333,1.47177e+08,3.20947e+06,699309,1.45637,36.8002,7.62158
9.83333,1.47602e+08,3.2035e+06,-390414,5.5897,36.6495,-5.33251
9.83333,1.46407e+08,2.11339e+06,-567445,-6.92898,24.2366,-6.44981
9.83333,1.46618e+08,1.67898e+06,-83939.8,-4.34837,19.8671,-0.312707
9.83333,1.47728e+08,1.97543e+06,-166066,8.03914,22.9953,-1.86536
9.83333,1.47485e+08,2.95914e+06,703831,5.23583,34.2482,8.01652
9.83333,1.47681e+08,2.22333e+06,-451711,7.38183,25.6269,-5.00751
9.83333,1.47109e+08,3.46792e+06,-339887,0.917919,40.1665,-3.91264
9.83333,1.4791e+08,2.76951e+06,-222374,10.1123,32.014,-2.54827
9.83333,1.47649e+08,2.18275e+06,414590,7.13393,25.3249,4.74971
9.83333,1.46401e+08,2.11443e+06,-570871,-7.46324,24.3472,-6.70438
9.83333,1.46313e+08,3.28518e+06,158325,-7.82787,37.4279,2.03599
9.83333,1.464e+08,2.72945e+06,727045,-7.10687,31.758,8.11979
9.83333,1.47896e+08,2.5477e+06,-320802,9.92394,29.4705,-3.6663
9.83333,1.46312e+08,3.29082e+06,160288,-8.58968,37.4835,1.94448
9.83333,1.47528e+08,3.32358e+06,317844,5.43726,38.7885,3.14305
9.83333,1.46731e+08,1.75192e+06,-67586.4,-3.37038,20.3882,-0.7661
9.83333,1.4777e+08,2.37433e+06,295202,8.52874,27.5015,3.37673
9.83333,1.46214e+08,2.52515e+06,-572206,-9.27551,29.2265,-6.55827
9.83333,1.47411e+08,2.14253e+06,666695,4.34883,25.0757,7.63457
9.83333,1.47403e+08,2.12336e+06,658506,3.55615,24.9957,7.17107
9.83333,1.47513e+08,2.37174e+06,697927,5.8308,27.4919,7.94893
9.83333,1.46408e+08,2.24161e+06,-642185,-6.12557,25.6802,-7.31881
9.83333,1.46382e+08,2.24431e+06,-645423,-7.73236,26.3262,-7.41621
9.83333,1.46332e+08,1.9806e+06,-226576,-7.91425,23.0578,-2.60405
9.83333,1.4631e+08,3.29172e+06,155890,-10.1315,38.0534,2.10941
9.83333,1.47783e+08,2.20411e+06,-15644.3,7.61524,24.5502,0.362663
9.83333,1.46762e+08,1.98174e+06,753258,-2.98747,23.0339,8.57098
9.83333,1.46994e+08,3.02108e+06,-815264,0.793442,36.2874,-9.92783
9.83333,1.46404e+08,3.16025e+06,-523715,-6.98514,36.5273,-6.00906
9.83333,1.47436e+08,3.15446e+06,631916,4.43439,36.4058,7.07354
9.83333,1.47327e+08,1.71504e+06,-121278,3.43473,20.0095,-1.38717
9.83333,1.464e+08,2.94521e+06,-667909,-6.89289,34.2388,-8.37444
9.83333,1.47596e+08,2.10255e+06,-470873,6.49641,23.8794,-5.37179
9.83333,1.46546e+08,3.46726e+06,-88370.3,-5.4692,39.9797,-1.03058
9.83333,1.46309e+08,3.29111e+06,155977,-8.56891,38.4664,1.84754
9.83333,1.47082e+08,1.82935e+06,-421271,0.339171,20.869,-4.17404
9.83333,1.46321e+08,2.18335e+06,535804,-8.58944,25.9492,5.41524
9.83333,1.4651e+08,3.37096e+06,-379213,-6.9078,38.15,-4.80726
9.83333,1.47586e+08,2.76121e+06,-686612,6.55112,33.3951,-7.82184
9.83333,1.46413e+08,3.24694e+06,437698,-7.32477,37.3377,4.90551
9.83333,1.47669e+08,3.15515e+06,-314691,7.30322,36.5687,-3.71929
9.83333,1.47457e+08,3.39168e+06,35574,5.01679,39.0715,0.255311
9.83333,1.47602e+08,2.10084e+06,-470340,6.53526,24.2141,-5.35949
9.83333,1.46462e+08,2.23015e+06,-629785,-6.38658,25.8219,-7.15689
9.83333,1.46841e+08,2.32035e+06,-907369,-2.11602,26.9031,-10.3646
9.83333,1.46222e+08,2.67337e+06,628032,-9.08672,30.9064,7.19137
9.83333,1.47711e+08,2.44873e+06,560021,7.7181,29.0889,6.56103
9.83333,1.46422e+08,3.10633e+06,-571675,-7.34939,36.0896,-5.95493
9.83333,1.47565e+08,2.73212e+06,-699855,6.07336,31.5436,-8.03309
9.83333,1.47815e+08,2.95505e+06,-416245,8.84628,34.2809,-4.56
9.83333,1.46721e+08,2.1058e+06,812380,-3.46468,24.4399,9.2484
9.83333,1.46589e+08,3.41976e+06,360205,-3.4871,40.0017,3.8197
9.83333,1.4699e+08,1.89067e+06,559166,-0.406046,21.9864,6.39124
9.83333,1.46278e+08,3.21177e+06,306159,-8.61789,36.9087,3.38389
9.83333,1.46312e+08,3.16451e+06,-389458,-8.22533,36.2429,-4.24108
9.83333,1.47421e+08,3.16702e+06,640430,4.91008,35.9163,7.50101
9.83333,1.47114e+08,2.11515e+06,739285,0.949367,24.4236,8.31153
9.83333,1.47709e+08,2.44586e+06,560881,8.18274,28.7717,6.38878
9.83333,1.47153e+08,1.71383e+06,310052,1.46981,20.0153,3.54998
9.83333,1.46977e+08,3.38308e+06,594229,-0.574937,39.0231,6.8439
9.83333,1.4641e+08,3.23708e+06,443569,-6.86279,39.8458,5.8535
9.83333,1.47118e+08,1.79017e+06,-291636,1.05683,20.8438,-3.3949
9.83333,1.46574e+08,3.31722e+06,-523550,-5.7551,38.5688,-6.22927
9.83333,1.46363e+08,2.17545e+06,533392,-7.19761,25.1387,6.05544
9.83333,1.47409e+08,2.12953e+06,663757,4.29992,24.243,7.62927
9.83333,1.46426e+08,2.26719e+06,712380,-6.63087,26.6036,8.20688
9.83333,1.47403e+08,3.14846e+06,-604602,4.29972,36.2956,-6.55547
9.83333,1.46793e+08,1.82859e+06,457205,-2.5761,20.6889,5.40537
9.83333,1.46727e+08,3.02057e+06,793141,-2.96423,35.4242,7.98947
9.83333,1.47369e+08,1.9289e+06,557171,3.93621,22.5014,6.34153
9.83333,1.46833e+08,2.42053e+06,-1.0024e+06,-2.2055,28.0411,-11.4262
9.83333,1.46683e+08,1.79202e+06,-446229,-3.87954,20.9625,-5.03424
9.83333,1.46954e+08,3.45025e+06,531582,-0.778323,39.721,6.11354
9.83333,1.46421e+08,3.10702e+06,-570604,-7.44689,35.9623,-6.28048
9.83333,1.4678e+08,2.97034e+06,-873618,-3.01288,34.8398,-9.94065
9.83333,1.47753e+08,2.0616e+06,89007,8.46282,23.9367,1.05648
9.83333,1.46449e+08,3.21509e+06,507886,-5.04283,38.8965,4.58426
9.83333,1.4648e+08,1.97242e+06,486473,-6.65492,22.3404,6.71644
9.83333,1.46405e+08,3.24876e+06,438275,-7.53084,38.8908,4.57203
9.83333,1.47647e+08,3.37746e+06,-39509.8,7.10686,38.9519,-0.456418
9.83333,1.47283e+08,1.72018e+06,-155016,3.00077,20.0502,-1.74308
9.83333,1.46397e+08,2.94699e+06,-659343,-6.28363,34.1709,-7.43748
9.83333,1.46342e+08,2.58826e+06,697495,-7.79256,29.9892,7.93211
9.83333,1.47018e+08,1.9244e+06,-701966,-0.104698,22.3892,-8.00945
9.83333,1.47363e+08,2.1445e+06,693510,4.08918,25.0877,8.38082
9.83333,1.46694e+08,1.81209e+06,267311,-3.78293,21.092,3.11151
9.83333,1.47505e+08,3.04253e+06,-591690,5.40181,35.2238,-6.77909
9.83333,1.47758e+08,2.07424e+06,107493,7.7236,23.3559,0.920305
9.83333,1.46397e+08,2.94799e+06,-654139,-7.6842,34.2996,-7.00619
9.83333,1.46069e+08,3.01174e+06,-109247,-11.7273,34.5323,-1.56607
9.83333,1.46697e+08,1.87745e+06,509519,-4.6175,22.1007,6.16556
9.83333,1.47553e+08,2.25408e+06,664623,6.12043,26.5927,5.60107
9.83333,1.47434e+08,3.15817e+06,630761,4.12347,36.7144,7.39984
9.83333,1.46018e+08,3.00948e+06,23657.5,-11.4629,34.7928,0.23501
9.83333,1.4727e+08,2.32343e+06,-806307,4.23978,28.4599,-7.39267
9.83333,1.47149e+08,2.16813e+06,-776276,1.32505,25.0527,-8.94026
9.83333,1.46242e+08,2.70862e+06,-567206,-8.9085,31.3357,-6.52123
9.83333,1.47488e+08,3.37432e+06,53740.6,5.23437,38.9774,0.572627
9.83333,1.46559e+08,3.32451e+06,-496096,-5.41139,38.3701,-5.61591
9.83333,1.47457e+08,3.15735e+06,-563849,4.91867,36.3689,-6.7694
9.83333,1.47302e+08,3.49555e+06,31530.1,3.1994,40.3012,0.338524
9.83333,1.47002e+08,3.35504e+06,575121,-0.844054,37.1779,7.13126
9.83333,1.4646e+08,3.21417e+06,507990,-7.0251,37.4245,5.64866
9.83333,1.47123e+08,3.15318e+06,784311,1.76496,36.4765,8.64679
9.83333,1.46496e+08,1.92968e+06,207706,-5.94377,22.4556,2.40525
9.83333,1.47755e+08,2.56449e+06,431734,8.32898,29.6575,5.00794
9.83333,1.46776e+08,2.94499e+06,-857827,-2.81256,34.0212,-9.76357
9.83333,1.47669e+08,3.15546e+06,-314768,7.29822,36.386,-3.6474
9.83333,1.46706e+08,2.87968e+06,940078,-3.71658,33.5658,9.89142
9.83333,1.47002e+08,1.72274e+06,113879,-0.245927,20.1445,1.34899
9.83333,1.47367e+08,2.12096e+06,682874,4.21343,23.3319,7.02522
9.83333,1.47443e+08,1.962e+06,436852,5.2724,23.4393,4.89171
9.83333,1.47529e+08,3.31327e+06,318514,5.54376,37.8276,4.40404
9.83333,1.47711e+08,2.45011e+06,557852,7.72847,28.2023,7.072
9.83333,1.4714e+08,3.52747e+06,-140105,1.87773,41.2331,-2.04643
9.83333,1.46337e+08,2.6877e+06,651798,-6.74106,30.1856,6.58599
9.83333,1.46368e+08,3.3019e+06,-265774,-7.31149,38.4222,-3.11569
9.83333,1.47569e+08,2.24431e+06,680000,6.14394,26.0159,7.75061
9.83333,1.46452e+08,3.20943e+06,511594,-6.65925,37.2979,6.08635
9.83333,1.47711e+08,2.44845e+06,559935,7.44816,27.3369,6.29389
9.83333,1.46516e+08,2.22844e+06,755265,-5.86419,25.942,8.62323
9.83333,1.47407e+08,3.16904e+06,-591402,4.46299,36.4192,-6.62728
9.83333,1.47608e+08,2.0926e+06,-475559,6.89026,24.2665,-5.75694
9.83333,1.47445e+08,1.85436e+06,274282,5.59299,21.7864,3.46916
9.83333,1.47387e+08,3.32394e+06,-401926,4.4211,38.1718,-4.7093
9.83333,1.46418e+08,2.08896e+06,-555094,-7.22426,24.5666,-6.1033
9.83333,1.47089e+08,1.91588e+06,671554,0.749903,22.2999,7.65508
9.83333,1.46739e+08,3.0344e+06,845586,-3.13082,35.364,10.2478
9.83333,1.46303e+08,3.15841e+06,-381247,-8.27736,35.7733,-5.23252
9.83333,1.46915e+08,1.93911e+06,-709026,-1.18637,22.7852,-8.56679
9.83333,1.47738e+08,2.56249e+06,515574,8.15353,29.4883,5.88764
9.83333,1.46226e+08,3.17041e+06,290295,-8.86493,36.5677,3.46141
9.83333,1.46109e+08,2.26856e+06,393981,-10.4001,26.2711,4.48221
9.83333,1.46409e+08,3.23707e+06,443640,-8.62227,36.7311,4.75422
9.83333,1.46789e+08,3.54747e+06,-175615,-2.50843,40.4986,-1.89632
9.83333,1.47463e+08,1.77321e+06,6252.73,5.06783,20.738,0.0404405
9.83333,1.47244e+08,3.14017e+06,-741386,2.60203,36.2514,-8.33472
9.83333,1.47529e+08,3.31875e+06,315692,5.09126,37.7126,3.31642
9.83333,1.46129e+08,2.58148e+06,-536014,-10.1697,29.8554,-6.15451
9.83333,1.46303e+08,3.15743e+06,-382672,-8.19703,36.7938,-4.65357
9.83333,1.46112e+08,3.02903e+06,-181245,-10.1382,34.9245,-2.02095
9.83333,1.46663e+08,2.26702e+06,835373,-3.64926,26.0675,9.19117
9.83333,1.46278e+08,3.21076e+06,306059,-8.15231,37.0232,3.52075
9.83333,1.47452e+08,3.13372e+06,-607885,4.47988,36.1252,-7.44032
9.83333,1.47407e+08,2.1228e+06,663088,2.42831,23.4013,7.67139
9.83333,1.47692e+08,1.97705e+06,12227,7.86929,22.8371,0.142762
9.83333,1.46996e+08,2.87947e+06,878071,-0.184873,33.3787,9.9781
9.83333,1.46945e+08,1.72907e+06,232563,-0.82308,19.4985,2.92371
9.83333,1.47102e+08,3.47458e+06,-341171,1.02947,39.9048,-3.84947
9.83333,1.47365e+08,2.14484e+06,694000,3.01421,25.351,8.30263
9.83333,1.47739e+08,2.56441e+06,514866,8.16648,29.6456,5.98151
9.83333,1.468e+08,1.76707e+06,-261188,-2.56358,20.5795,-2.99186
9.83333,1.47141e+08,3.5275e+06,-140556,1.84218,40.9134,-1.25311
9.83333,1.467e+08,2.4994e+06,-978349,-3.76866,28.8125,-11.1249
9.83333,1.47608e+08,2.10118e+06,-470374,6.30526,25.5536,-5.29179
9.83333,1.46453e+08,3.2253e+06,-465580,-6.45396,37.2114,-5.23505
9.83333,1.47926e+08,2.37696e+06,57619.5,10.2117,27.6654,0.75178
9.83333,1.4771e+08,2.44848e+06,559747,8.39143,28.3288,5.89874
9.83333,1.46746e+08,3.40184e+06,530598,-3.18066,39.1949,6.06046
9.83333,1.464e+08,2.94619e+06,-662839,-7.17201,33.8712,-8.16865
9.83333,1.46798e+08,3.4279e+06,-479392,-2.53122,39.5579,-5.46701
9.83333,1.47237e+08,2.85638e+06,975092,2.4392,33.04,11.1148
9.83333,1.47453e+08,2.17585e+06,747656,5.03864,25.2337,8.44229
9.83333,1.46696e+08,1.87177e+06,531077,-3.35902,21.5093,5.61912
9.83333,1.47487e+08,2.82828e+06,-752930,5.34508,32.7838,-8.53173
9.83333,1.46337e+08,2.68768e+06,651838,-8.8627,31.972,8.40907
9.83333,1.46388e+08,2.24362e+06,-647771,-7.4283,25.7999,-7.2943
9.83333,1.46224e+08,2.08547e+06,172185,-9.09741,23.7256,1.63176
9.83333,1.46424e+08,3.11144e+06,-575602,-7.04453,35.9768,-6.41821
9.83333,1.46417e+08,2.09004e+06,-554864,-6.78283,24.261,-6.35668
9.83333,1.47585e+08,2.75948e+06,-701405,6.30144,31.906,-8.78566
9.83333,1.46703e+08,1.87254e+06,526355,-4.17528,20.7956,3.82963
9.83333,1.46262e+08,2.4885e+06,653221,-8.71182,28.7161,7.47487
9.83333,1.47248e+08,3.41428e+06,-280491,1.97811,38.8183,-3.22232
9.83333,1.46453e+08,2.65608e+06,751523,-6.25055,31.0363,8.74127
9.83333,1.47405e+08,3.20056e+06,-604962,4.09893,36.8155,-7.18132
9.83333,1.4645e+08,3.21308e+06,507395,-7.42026,36.553,5.11463
9.83333,1.47927e+08,2.37311e+06,54433.1,10.3381,27.3857,0.513853
9.83333,1.47782e+08,2.2041e+06,-15807.8,10.5291,25.9745,0.697542
9.83333,1.47403e+08,2.12283e+06,659332,4.41741,25.4726,7.66387
9.83333,1.46483e+08,1.96844e+06,487893,-5.96549,22.623,4.83876
9.83333,1.4678e+08,2.97199e+06,-872137,-2.14356,34.7138,-11.1602
9.83333,1.47292e+08,2.34314e+06,-811171,3.00927,27.1029,-9.24434
9.83333,1.47137e+08,3.52267e+06,-137163,1.34756,40.8704,-1.49527
9.83333,1.47838e+08,2.95762e+06,231480,9.29167,34.1704,2.6311
9.83333,1.47728e+08,3.31477e+06,-78395.7,8.01346,38.2619,-0.903361
9.83333,1.47316e+08,1.86298e+06,-558184,3.3231,21.6769,-6.36248
9.83333,1.47758e+08,2.07406e+06,107340,8.84532,24.1229,0.935978
9.83333,1.46561e+08,3.31992e+06,-494505,-5.40072,38.386,-5.85503
9.83333,1.47608e+08,2.09246e+06,-475753,6.12212,25.0691,-5.05212
9.83333,1.46395e+08,2.72847e+06,763016,-7.14532,31.5429,8.5682
9.83333,1.47514e+08,2.37259e+06,696959,5.41661,27.3497,7.94366
9.83333,1.46838e+08,3.29462e+06,619197,-2.08863,38.0237,7.05664
9.83333,1.46536e+08,2.19011e+06,741791,-5.90092,25.1876,8.28657
9.83333,1.46708e+08,1.87076e+06,510584,-3.26985,21.3272,6.04652
9.83333,1.46309e+08,3.2911e+06,155668,-8.05173,38.7908,3.07863
9.83333,1.47705e+08,1.99538e+06,7504.95,7.67865,23.1494,0.174965
9.83333,1.47405e+08,3.18926e+06,-590752,4.79811,36.7167,-6.73855
9.83333,1.46816e+08,2.74412e+06,842468,-2.38158,31.7602,9.63074
9.83333,1.4651e+08,3.37149e+06,-379278,-5.05394,39.3374,-3.39163
9.83333,1.46405e+08,3.23577e+06,437458,-6.27782,37.9686,6.98024
9.83333,1.46175e+08,2.12421e+06,-375847,-9.72083,24.5469,-4.31229
9.83333,1.4727e+08,2.32344e+06,-806287,1.45727,25.4385,-11.0466
9.83333,1.46409e+08,3.23699e+06,444079,-5.80313,36.7959,4.22696
9.83333,1.46382e+08,3.23696e+06,-483848,-7.40236,37.3687,-5.53094
9.83333,1.47614e+08,2.23172e+06,-604943,6.93722,26.0992,-7.15101
9.83333,1.47642e+08,3.2222e+06,274328,6.99497,37.2466,3.15099
9.83333,1.47189e+08,2.94262e+06,-848067,1.86964,34.0853,-9.68051
9.83333,1.47602e+08,3.20303e+06,-390705,5.76563,37.009,-3.40859
9.83333,1.47434e+08,3.16248e+06,628275,3.47223,35.8778,9.57262
9.83333,1.47529e+08,3.31819e+06,315276,5.42051,39.2684,3.53178
9.83333,1.46369e+08,1.92523e+06,246407,-9.0832,21.7928,3.49137
9.83333,1.47406e+08,3.18844e+06,-595046,5.56872,37.4709,-6.2418
9.83333,1.47176e+08,2.45438e+06,-839452,1.77248,28.4271,-9.5958
9.83333,1.47148e+08,2.16629e+06,-777449,1.57091,25.2346,-8.79649
9.83333,1.46463e+08,3.0504e+06,-668164,-6.49479,35.2372,-7.57371
9.83333,1.47372e+08,3.18234e+06,-603360,3.98479,36.627,-7.00766
9.83333,1.47478e+08,1.78225e+06,-4819.95,5.11989,20.6984,0.0347502
9.83333,1.4782e+08,2.43419e+06,-240318,9.12764,28.2411,-2.52909
9.83333,1.47533e+08,3.31318e+06,313100,6.06786,37.7171,3.40367
9.83333,1.4648e+08,1.97252e+06,486438,-5.75639,22.9501,5.11927
9.83333,1.464e+08,2.73001e+06,726247,-7.18971,31.3119,8.53179
9.83333,1.46997e+08,2.87968e+06,877841,-0.422251,33.2537,10.0597
9.83333,1.47876e+08,2.69823e+06,145758,9.54282,28.8572,1.85171
9.83333,1.46454e+08,2.65647e+06,752092,-6.85592,30.4923,8.43488
9.83333,1.47405e+08,3.18564e+06,-594685,4.3785,37.734,-7.76386
9.83333,1.46442e+08,3.25791e+06,-460739,-6.6137,37.4251,-5.38743
9.83333,1.47365e+08,2.14443e+06,693988,5.4181,25.5441,7.23521
9.83333,1.46559e+08,3.32523e+06,-495682,-5.19877,38.1589,-5.66626
9.83333,1.47423e+08,1.7929e+06,217554,4.52739,20.9547,2.55061
9.83333,1.47194e+08,2.27861e+06,-920683,1.95625,26.4261,-10.4771
9.83333,1.4631e+08,3.2917e+06,155860,-6.25792,36.1106,0.148859
9.83333,1.4641e+08,3.23729e+06,444194,-7.48831,36.4912,5.64252
9.83333,1.47082e+08,1.83182e+06,-421473,0.815878,21.2576,-4.92862
9.83333,1.47403e+08,3.14828e+06,-604736,4.56448,37.0007,-6.89461
9.83333,1.46387e+08,2.24898e+06,-643295,-7.55695,25.8391,-8.22413
9.83333,1.47752e+08,2.22877e+06,204411,8.33352,25.8175,2.30923
9.83333,1.47452e+08,3.13378e+06,-607759,4.95095,36.5021,-6.43571
9.83333,1.46625e+08,1.85237e+06,435080,-4.21361,21.5995,4.46536
9.83333,1.47325e+08,3.17243e+06,648102,3.55924,36.5751,7.41641
9.83333,1.46091e+08,2.39899e+06,280222,-10.6491,27.7586,3.21122
9.83333,1.47435e+08,3.15938e+06,630238,5.31941,35.5613,6.86836
9.83333,1.46589e+08,3.41967e+06,360261,-6.31193,38.7783,4.37485
9.83333,1.47365e+08,2.14439e+06,693962,3.59233,24.4583,7.62723
9.83333,1.47405e+08,3.18559e+06,-594731,3.66641,36.7193,-6.16142
9.83333,1.47586e+08,2.76078e+06,-687825,5.38942,30.7634,-7.9913
9.83333,1.47691e+08,1.97513e+06,11841,7.56394,23.2982,0.15107
9.83333,1.4702e+08,3.26969e+06,648632,0.131768,37.644,6.88791
9.83333,1.47456e+08,3.17818e+06,649736,4.92353,36.6848,7.57651
9.83333,1.47435e+08,3.16244e+06,628314,4.77102,37.0293,6.76455
9.83333,1.47051e+08,1.80975e+06,-385170,0.487264,21.4729,-4.97771
9.83333,1.47483e+08,2.70596e+06,853514,5.43912,31.3755,9.84325
9.83333,1.4715e+08,2.35089e+06,930150,1.47095,27.4439,10.6896
9.83333,1.46408e+08,2.07835e+06,-559036,-7.31973,24.3064,-6.26585
9.83333,1.47493e+08,2.15293e+06,615541,5.3456,25.0128,7.1354
9.83333,1.46703e+08,1.87252e+06,526467,-4.33677,22.8347,6.24033
9.83333,1.47487e+08,2.82795e+06,-752902,5.3718,32.6147,-8.53761
9.83333,1.46952e+08,2.65016e+06,-918171,-0.818906,30.6759,-10.4838
9.83333,1.46277e+08,3.20798e+06,304899,-8.75237,37.3987,3.60888
9.83333,1.4641e+08,3.23708e+06,443613,-6.38146,36.8629,4.50597
9.83333,1.47871e+08,2.55551e+06,17044.6,9.48083,29.9239,1.66139
9.83333,1.47461e+08,3.39396e+06,13276.8,5.31851,38.9787,0.411609
9.83333,1.46795e+08,1.8293e+06,441297,-2.60494,21.3193,4.5261
9.83333,1.47812e+08,2.62772e+06,-430446,9.06653,30.3949,-4.88101
9.83333,1.47529e+08,3.31823e+06,315456,6.40971,39.3692,3.25231
9.83333,1.46536e+08,2.18968e+06,742085,-5.22703,25.5378,8.57425
9.83333,1.46226e+08,3.1707e+06,290728,-8.5747,36.5958,3.20173
9.83333,1.47238e+08,3.49151e+06,-359710,2.45712,40.2658,-4.16753
9.83333,1.47426e+08,3.15749e+06,641195,4.93743,37.3541,7.01208
9.83333,1.4671e+08,1.87094e+06,513543,-2.93194,22.0755,6.38231
9.83333,1.4635e+08,2.69162e+06,-680202,-6.92935,30.605,-7.29741
9.83333,1.46388e+08,2.24849e+06,-643824,-7.88067,27.733,-5.76984
9.83333,1.46223e+08,2.08673e+06,171872,-9.04261,23.8957,2.01842
9.83333,1.47405e+08,3.19523e+06,-593515,4.11892,36.5357,-6.45192
9.83333,1.46402e+08,2.94834e+06,-663561,-7.65709,33.8781,-7.08668
9.83333,1.46455e+08,3.22618e+06,-475996,-6.49038,37.2744,-5.33799
9.83333,1.46117e+08,2.84534e+06,-147883,-10.3609,32.9387,-1.71433
